Barcode,UMAP-1,UMAP-2
AAACACCAATAACTGC-1,-3.9118621,2.7810292
AAACAGCTTTCAGAAG-1,-4.67868,1.9778862
AAACAGGGTCTATATT-1,-3.924736,2.8681273
AAACCGGGTAGGTACC-1,0.03941934,0.02010403
AAACCGTTCGTCCAGG-1,8.921687,3.499011
AAACCTCATGAAGTTG-1,0.041511983,-0.301251
AAACGAAGATGGAGTA-1,-4.7027445,1.3745663
AAACTGCTGGCTCCAA-1,8.045028,8.72135
AAACTTAATTGCACGC-1,-3.0517714,2.9775472
AAACTTGCAAACGTAT-1,-5.1774254,0.7064526
AAAGAATGACCTTAGA-1,-4.9981337,2.6376278
AAAGACTGGGCGCTTT-1,-2.883219,0.5099679
AAAGGCTCTCGCGCCG-1,9.4932,4.8730607
AAAGGGCAGCTTGAAT-1,8.00352,-0.15632527
AAAGTAGCATTGCTCA-1,-4.989842,1.9005072
AAAGTCGACCCTCAGT-1,-4.973073,-0.040576633
AAATCGCGGAAGGAGT-1,-5.9446435,-0.6728622
AAATCGTGTACCACAA-1,7.919494,1.8710538
AAATGCTCGTTACGTT-1,8.673475,-0.88594043
AAATGGCCCGTGCCCT-1,-6.3223515,1.4949665
AAATGGTCAATGTGCC-1,7.6665926,7.663038
AAATGTATCTTATCCC-1,-2.5355964,1.1042635
AAATTAACGGGTAGCT-1,9.44448,7.9841714
AAATTAATAAGCGCGA-1,-5.05533,1.6882193
AAATTGATAGTCCTTT-1,-2.0087843,0.8968086
AAATTGCGGCGGTTCT-1,7.9796576,9.660835
AAATTTGCGGGTGTGG-1,4.1758304,0.7625318
AACAACTGGTAGTTGC-1,9.8714695,8.484363
AACAATTACTCTACGC-1,8.3165655,2.1301901
AACACGAGACGCGGCC-1,-5.8806343,1.6465231
AACAGCTGTGTGGCAA-1,-2.3671746,2.296717
AACAGGATGGGCCGCG-1,9.148732,1.9306624
AACATTGGTCAGCCGT-1,7.6313977,8.467331
AACCAAGACTTCTCTG-1,4.107268,0.57249045
AACCATAGGGTTGAAC-1,-2.8288882,3.3158443
AACCATGGGATCGCTA-1,7.7849417,8.250187
AACCCAGAGACGGAGA-1,8.271399,10.268216
AACCCATCCCATGATC-1,-6.3021393,0.4194625
AACGAAAGTCGTCCCA-1,-6.403603,-0.4376986
AACGATAGAAGGGCCG-1,7.9077373,9.386239
AACGCGAACGGCAACA-1,6.8328385,3.8053694
AACGCGGTCTCCAGCC-1,8.047434,9.7403965
AACGGCCATCTCCGGT-1,6.266029,0.698236
AACGTACTGTGGGTAC-1,7.154673,1.4207866
AACGTCAGACTAGTGG-1,8.64269,7.4191866
AACGTTATCAGCACCT-1,-2.9687684,-0.998073
AACTCAAGTTAATTGC-1,8.058413,2.216718
AACTCGATAAACACGT-1,7.3608046,6.3115463
AACTCGATGGCGCAGT-1,8.697903,7.0786924
AACTCTCAGTGTGCTC-1,8.7676325,5.854939
AACTGATATTAGGCCT-1,8.154924,9.727398
AACTGGGTCCCGACGT-1,8.786819,5.994808
AACTTCTGCGTCTATC-1,9.561246,1.6130929
AACTTGCCCGTATGCA-1,7.782241,1.5793756
AACTTGCGTTCTCGCG-1,8.361492,-1.7382525
AACTTTACGGGAGCTT-1,-4.027009,1.0445604
AAGAAGGATCAGTTAG-1,7.2105813,2.7813907
AAGACCAAATAACTCA-1,-3.7166908,2.5254204
AAGACCCAACTGAACA-1,9.20871,6.2072597
AAGACTGCAAGCTACT-1,9.417833,9.019887
AAGAGATGAATCGGTA-1,8.929287,-0.43427664
AAGAGGATGTACGCGA-1,5.8263006,1.3865647
AAGCGTCCCTCATCGA-1,-1.9246683,2.3363793
AAGGAGCGGTTGGTGC-1,9.566865,8.198875
AAGGCGCGTAAAGCTT-1,8.689109,7.629252
AAGGCTGTGCTCATCG-1,9.866052,6.8809323
AAGGGACTATGCATTC-1,-2.5154488,2.0490348
AAGTAGAAGACCGGGT-1,7.847606,8.289863
AAGTAGTGACGCGAGG-1,8.717885,-0.17364815
AAGTCTTCTGTGGCCT-1,-5.4114733,-0.5611374
AAGTGACGACCGAATT-1,-2.4410915,-0.6594161
AAGTGCAAAGGTAGAC-1,-5.8920116,-0.13790686
AAGTGCGTTAGAATCT-1,-4.6553836,1.0800903
AAGTTCGGCCAACAGG-1,6.120363,1.5358182
AATAACAACGCTCGGC-1,9.459119,2.375669
AATAACACTAGAACAA-1,5.9274516,0.21646261
AATAATCTTCGTATCG-1,7.9712214,10.310699
AATACAATGTTTCAGG-1,3.8763242,0.35009328
AATAGAACAGAGTGGC-1,6.460751,1.1562572
AATAGTCCGTCCCGAC-1,8.783912,6.131509
AATAGTCGCGAGTCGG-1,-2.7364511,-1.4092925
AATATCCTAGCAAACT-1,-2.6333406,3.2098699
AATATTGGAGTATTGA-1,1.4732201,0.15748498
AATCCATGCAAGGGTG-1,7.690388,7.969317
AATCTAGGTTTACTTG-1,-5.183754,-0.52470547
AATCTCTACTGTGGTT-1,-6.500293,0.5808913
AATCTGGCTTTCTAGT-1,-6.5894895,1.0156943
AATGACAGCAATGTCT-1,-3.3457553,0.6806711
AATGACTGTCAGCCGG-1,7.442911,7.256904
AATGAGTTCGCATATG-1,8.857467,-0.49347576
AATGGTCCACCGTTCA-1,-4.0187135,1.1742125
AATGGTTCTCACAAGC-1,7.7482452,6.803183
AATGTATGGCACTGTA-1,-3.0797095,3.5385547
AATGTGCCCGAGGTGT-1,-2.7931874,1.3722901
AATTAAAGGTCGGCGT-1,10.19882,3.590233
AATTACGAGACCCATC-1,-3.8456442,2.3887851
AATTACTCGTACGCTC-1,7.999314,-0.039573323
AATTCATTGTCATGCA-1,-3.7474928,3.0715358
AATTCCAACTTGGTGA-1,7.7435155,7.4604106
AATTCTAGAGTTAGGC-1,9.603493,8.096076
ACAAACCATGCGTCCT-1,-2.579736,3.2864103
ACAAAGAAGGTAGGCC-1,-2.9814255,3.1604571
ACAACGGTCCCTGCGA-1,8.464287,0.020922378
ACAAGCAGTGCCTAGC-1,9.450005,3.361171
ACAAGCTATATGGAAG-1,-4.767167,-0.7914104
ACAAGGACAAGAGGTT-1,4.4861593,1.0121201
ACAATAGTCGTACGTT-1,-6.20489,1.5580035
ACAATCCATTTAAACC-1,8.832155,2.8910956
ACAATGAATACGGAGA-1,-3.8091424,1.8003305
ACAATTTAGGAGGCTC-1,-3.6271782,0.73394233
ACACATGATCAAATCT-1,-5.0101633,-0.098262705
ACACATTGACGCAACA-1,7.7985663,-1.1401513
ACACCCAGCATGCAGC-1,7.3131404,6.6256056
ACACCCGAGAAATCCG-1,7.2387075,5.7887893
ACACCGAGCGCTCTTT-1,0.5926973,0.03167144
ACACCGGTCTGACCGC-1,-2.2454362,1.402131
ACACCTTAAGTAGGGC-1,9.557971,6.541157
ACACTCCAATGTCACT-1,9.715671,1.4577438
ACACTGATCAAGGTGT-1,6.417325,0.71815705
ACAGAACTGAGAACAA-1,-3.852666,3.029851
ACAGGTGGAGGTGAGG-1,8.496796,3.8461578
ACAGGTGTGTTGTTGC-1,-6.123062,-0.6516232
ACAGTAATACAACTTG-1,-4.9812255,2.7443635
ACATAAGTCGTGGTGA-1,-6.555817,-0.25141805
ACATAATAAGGCGGTG-1,7.1714354,9.424822
ACATCAGCTGGGACGC-1,-3.214291,1.2275449
ACATCGATCGTTTACC-1,9.487582,8.0935
ACATCGGTCAGCCGCG-1,9.875759,3.5896616
ACATGGCTCAATTTAG-1,8.324809,-1.2075126
ACATTAGTTTATATCC-1,8.749479,7.5444055
ACCAACGCTTATTTAT-1,6.9108844,1.3771048
ACCAAGAACGCGTGTC-1,8.327759,7.8509846
ACCACAAGTTTCTATC-1,8.827509,7.517189
ACCACTGTTCAAGAAG-1,7.6788273,0.08163038
ACCAGACCATAACAAC-1,-5.941548,-0.6118568
ACCATATCCGCAATAA-1,8.982186,6.4600363
ACCATCCGCCAACTAG-1,-3.960931,1.0107694
ACCATCGTATATGGTA-1,10.333576,3.6150732
ACCATTAAGGGTGTCA-1,6.493784,1.565758
ACCCACCTACATGCTC-1,7.887207,-1.2915285
ACCCATCTTGAGGGTA-1,9.431146,3.6988964
ACCCGGTTACACTTCC-1,10.068121,2.518595
ACCCGTGTCATCAGTA-1,9.858267,6.018134
ACCCTATAGGACTGAG-1,8.175377,-0.6465568
ACCCTATGCCATATCG-1,7.3989506,9.092336
ACCGAAGAGTCTGGTT-1,-5.75583,-0.9875026
ACCGGTCAGGTACACC-1,-6.7987027,0.4612559
ACCGTCCACTGGGCCC-1,-3.6286688,2.626232
ACCTAAGTACCTTTCA-1,-2.23272,0.3197355
ACCTAATCGACTTCCT-1,8.3512,-0.82674026
ACCTCGAACTTATGCT-1,-3.1268039,3.62446
ACCTGCGTGTCATGTT-1,-4.845123,1.739212
ACGAAATGGGCGGCAC-1,8.652247,2.2810986
ACGAGGATACCACTCT-1,-4.8496637,0.7967324
ACGAGGTTTACAACGT-1,-6.0070543,-0.75093216
ACGAGTCGCCGGCGTT-1,7.041852,4.7354603
ACGATACCTATCCTGA-1,-6.655147,-0.2526588
ACGATGCATATGTTAT-1,7.633073,1.9478899
ACGCATTCGTGAGTAC-1,9.514876,8.845881
ACGCGAAGTCAGACGA-1,7.53352,1.7200172
ACGCGCTACACAGGGT-1,9.079355,2.5358639
ACGCGGGCCAAGGACA-1,9.866782,8.552059
ACGCGTTTCTTAAGAG-1,-4.9148455,-0.60395145
ACGCTGTGAGGCGTAG-1,-5.3251195,2.0311754
ACGGAATTTAGCAAAT-1,7.331623,2.9574068
ACGGCACTTGCTTGGG-1,8.90677,5.0827146
ACGGCCAACATGGACT-1,8.233336,2.7061408
ACGGCTGGATGTAGAA-1,-5.085548,2.4956982
ACGGGAGTGTCGGCCC-1,-4.9422603,1.4667717
ACGGGTCATGTGACTT-1,4.4919434,0.28017664
ACGTCTCGTTCCGGGA-1,-2.7812111,2.4210377
ACGTGACAAAGTAAGT-1,-5.4169683,-0.17589119
ACGTGCGCCTCGTGCA-1,7.9945807,9.496933
ACGTTAATGTCGAAGA-1,9.328229,9.43447
ACGTTAGATTTGCCCG-1,8.334145,2.329499
ACGTTATTGGTCACTC-1,-0.6734192,-0.810202
ACTACATCCCGACAAG-1,-3.1862104,3.3793
ACTACCAGCTCTCTGG-1,8.60177,7.1669693
ACTACGCGTTAGAATT-1,8.154238,4.4714246
ACTATCGCCGGCTAAA-1,5.5478625,0.61876756
ACTCCCATTCCTAAAG-1,-5.560555,1.7763122
ACTCGATGTATTTCAT-1,-0.6991123,-0.8037212
ACTCGTAACCCGTCCT-1,-5.535528,0.31499645
ACTCTAAACCTGGGAT-1,-6.945421,0.42008543
ACTGCTCGGAAGGATG-1,-6.925575,1.15018
ACTGTAGCACTTTGGA-1,7.7199197,4.716753
ACTGTCCAGGATTATA-1,10.11698,7.8048697
ACTGTGCTAGTAGATC-1,8.343639,7.152004
ACTTAGTACGACAAGA-1,8.475954,6.221531
ACTTATTAGGATCGGT-1,9.65007,6.240688
ACTTCCAGTGGAAGCT-1,-4.9176807,0.56786585
ACTTGGGACCCGGTGG-1,9.937398,6.8231344
ACTTGTAGTCCCTTCA-1,-5.161631,0.10470226
ACTTTGACTGCATCCT-1,-4.728185,0.263319
ACTTTGGTCGTGCTCC-1,-5.774747,-0.6824442
AGAACCCTCAATTGGG-1,-4.8355947,2.179039
AGAAGGTACACTTCAC-1,-6.606359,0.5093255
AGAAGGTTGCCGAATT-1,10.020099,2.1887171
AGAAGTGATTCGTGAT-1,-4.3212256,0.6523986
AGAATAAATCTTCAGG-1,-4.8265357,-0.4750633
AGAATTGTTTGACATA-1,8.814373,-0.051611416
AGACAGCTCAGAATCC-1,-2.828661,-1.0507857
AGACCAAACCACACCT-1,-6.021726,-0.71140504
AGACCATGGGATACAA-1,8.6526165,0.82289475
AGACCGGGAAACCCTG-1,-5.3513174,1.3098953
AGACGACGATGCCGCT-1,-1.8869673,1.5172235
AGACTAGCCTTCCAGA-1,8.783725,7.0634036
AGAGAAGGAGTACAAT-1,-2.2111702,2.7747653
AGAGATCTCTAAAGCG-1,-5.454864,0.97887367
AGAGCAGTTATGAGAC-1,-1.2665321,0.2719664
AGAGCGGGCTAATCAT-1,8.570601,9.970989
AGAGCGTACAAGCTCG-1,9.550047,1.1146284
AGAGCTACGAAAGCAT-1,8.367669,-1.5340533
AGATAACTTCAGGGCC-1,8.401888,7.220765
AGATACCGGTGTTCAC-1,9.201644,2.228827
AGATACGACTTCATAT-1,7.652362,7.226469
AGATGACTCGCCCACG-1,8.438015,8.38937
AGATGCAAGACGTGCA-1,-3.3646495,2.5217905
AGATGCATCCTGTGTC-1,-4.9407783,2.9696712
AGATGCTATAACGAGC-1,8.1413,-0.57243174
AGATTATAGGACGTTT-1,9.181942,6.8443265
AGATTCACAACCGATA-1,-4.2611017,1.2010548
AGCAACCGAAAGTAAT-1,-3.9441166,3.3921604
AGCACTACCGGCCTGT-1,4.2869134,0.55806184
AGCACTTAAGGACGCC-1,10.009835,3.2426932
AGCATCATTTCGAAAG-1,-2.5336645,2.778762
AGCATCGTCGATAATT-1,7.394306,6.6960797
AGCCCATACATGTAAG-1,-0.78541154,-0.4545553
AGCCGCAAATTCAAAT-1,-6.65529,0.7750927
AGCCGCTTGATTAGCG-1,8.134105,-1.3719413
AGCCGTGGCTAAATGT-1,-5.556345,2.123444
AGCCTAATACCCACGT-1,-6.0103717,-0.32626957
AGCCTTAAAGCGGAAG-1,1.6347158,0.27051657
AGCGACAGGAACGGTC-1,6.3085246,3.3094542
AGCGACATCCCATTCA-1,7.5443125,9.239423
AGCGCATAATGAATCG-1,8.940107,6.2328944
AGCGGCGGTTAGCGGT-1,-6.9896674,1.1129053
AGCGGGAAGGGTCCAT-1,7.5486593,9.657332
AGCGTACGAGAGCTAG-1,6.5266128,3.673671
AGCTCTTTACTCAGTT-1,10.213471,3.949604
AGCTGTAACCTCAATC-1,-3.4241781,0.7577953
AGCTTGATCTTAACTT-1,-2.5133505,-0.45533454
AGGAAAGCCTCTGATG-1,8.54387,5.122814
AGGACATCGCACGTCG-1,7.4607334,9.195589
AGGACGACCCATTAGA-1,10.264413,3.621498
AGGACTTATAGGAGAA-1,5.654319,0.36361277
AGGATCACGCGATCTG-1,-6.1255293,2.1676495
AGGCAATACGGAGGAC-1,6.849925,3.6768558
AGGCCACCCGTTATGA-1,8.782297,4.361879
AGGCCCAGTGACTGGT-1,8.734413,-0.8605288
AGGCCCATTGTACAGG-1,7.7102847,8.623576
AGGCCCTAGAACGCCA-1,-3.0631633,-0.66261655
AGGCGGTTTGTCCCGC-1,-5.1272097,0.15046282
AGGCTATGGTTAGCTT-1,8.700296,-0.44491163
AGGCTTCCCGAAGAAG-1,6.6488156,0.31802815
AGGCTTGCTAGACACC-1,-0.33031482,-0.4917516
AGGGACTCTACGCGAC-1,9.742454,4.139336
AGGGCGAGCAGCTGAT-1,-2.5408678,-1.299108
AGGGCGTGATCGGCTA-1,8.404787,8.76591
AGGGCTGCAGTTACAG-1,8.661971,9.13156
AGGGTGGATAGTGCAT-1,-4.636058,1.2912568
AGGGTTTAGTTCGGGA-1,9.471529,8.764211
AGGTAGGTACAAAGCT-1,10.067091,2.6029654
AGGTCAGGTGAGAGTG-1,-5.698405,-0.044619948
AGGTGTATCGCCATGA-1,-2.30669,-0.8343672
AGGTTCTCCTTTCCGG-1,-4.6498837,3.2055533
AGGTTTCACACACCTT-1,8.85852,9.317658
AGTAATGTCTTGCCGC-1,7.4481235,9.004437
AGTACGGCCCGTATCG-1,-5.0156264,-0.31690496
AGTATAATACTAGGCA-1,8.2572155,2.4124496
AGTATGCTGGAGACCA-1,-2.384257,2.9266896
AGTCAACACCACCATC-1,10.162974,2.4182534
AGTCAGCCACCGCCTG-1,8.708289,4.9852805
AGTCCAGCGGGTACGT-1,8.1909,9.340612
AGTCGGCCCAAACGAC-1,7.8610044,6.685643
AGTCGGCTCAACTTTA-1,-2.9992838,-0.40175036
AGTCGTGGGCATTACG-1,-3.9079444,-0.41694298
AGTCTCACAAGACTAC-1,-1.9685792,-0.37609282
AGTCTGGACATCCTTG-1,10.272197,2.93424
AGTGACCTACTTTACG-1,7.1340203,0.60017264
AGTGATATGAGTAGTT-1,5.7233725,1.0070707
AGTGCGTAGCTCGTAA-1,7.483506,0.11693336
AGTGGCTCCGTCGGCC-1,-4.4505124,2.586732
AGTGGGAGTATACACG-1,7.58567,3.651744
AGTGGTGTTACCCGTG-1,-4.593979,3.1388016
AGTGGTTGCGTATAGG-1,-6.248728,1.4557261
AGTGTGCTAAGATCGC-1,7.3231483,0.39131346
AGTGTGGTCTATTGTG-1,8.346423,0.09973527
AGTTAAACACTTGCGA-1,9.879136,2.5998583
AGTTAAGTCAACCGCT-1,-4.898311,2.8249817
AGTTACCCTTAAGACT-1,-1.9123992,-1.1895971
AGTTACCGCACATGGT-1,-3.569877,-0.25029293
AGTTCACCGGTTGGAC-1,-1.2742561,-1.085039
AGTTCCTACAGAATTA-1,9.313473,7.390351
AGTTCCTATTTATGTT-1,8.661504,8.351358
AGTTCTGCGTTGTATC-1,9.063648,-0.23516278
AGTTGACATCGGCTGG-1,7.697253,7.084901
AGTTGCTGACTGATAT-1,9.412969,0.9109389
AGTTTGGCCAGACCTA-1,-1.87786,0.8489956
ATAAACGGACCCGTAA-1,7.99259,6.3192115
ATAAAGGCTCGGTCGT-1,10.042084,8.12197
ATAAATATTAGCAGCT-1,6.0204177,1.5812953
ATAAGTTACCGCGACG-1,5.4632025,0.69976664
ATAATACCGTTAGCCG-1,9.318936,1.3079323
ATAATAGCTGTTGAAT-1,9.346475,8.397367
ATAATAGTGTAGGGAC-1,8.33169,3.5716536
ATACCACGGGCAACTT-1,8.923996,2.2278335
ATACGGAACGTCGTTT-1,-4.524321,3.3685138
ATACGGTGAAGATGCA-1,-3.8660784,2.2840974
ATACTAGCATGACCCT-1,9.250877,8.512206
ATACTCTCGCCACTCT-1,6.8094616,3.8231099
ATACTTGTTCTCGAGC-1,-4.585776,1.9182287
ATAGACGAAGAGAAAG-1,9.425671,6.5677896
ATAGAGTACTGGGACA-1,7.221071,5.563461
ATAGCCTCAGTACCCA-1,1.6400385,0.21492423
ATAGCTGCTCTTGTTA-1,3.6594923,0.57841426
ATAGGCGGCTATAGAA-1,6.7284374,1.7553686
ATAGTGAAGCGTTCTC-1,9.965437,6.108444
ATATACATGTATGGTA-1,-5.343646,2.919669
ATATAGAGTATTGGTC-1,-4.5913363,2.274158
ATATCAATTCCAGCCT-1,-5.4189353,-0.329778
ATATCTTAGGGCCTTC-1,9.762708,8.498157
ATATTATCCCGTATTT-1,7.8763595,-0.9233926
ATATTCAGTTAAACCT-1,9.426559,2.4859102
ATATTGCTGTCAAAGT-1,7.9414988,3.9284155
ATATTTAACCCTCAAG-1,10.052313,8.254301
ATCAAACGAAGGTTTG-1,4.050763,0.77671593
ATCAATCTGGGCTGCA-1,9.384744,9.198771
ATCAATGCCGTGGCTG-1,-3.5883117,2.8904219
ATCACGTGCTAATTAA-1,6.6512337,1.2705191
ATCACTTCATCCTCGC-1,7.985309,7.1328607
ATCAGACGGCACGCCG-1,9.569984,2.1093035
ATCAGCTCGTCCACTA-1,-5.4551535,0.43962133
ATCATCCAATATTTGT-1,9.976514,7.186053
ATCCAACGCAGTCATA-1,8.992726,6.3793135
ATCCAATGGAGGGTCC-1,-1.5725157,-0.7277929
ATCCAATGGTACCGAA-1,-6.423141,0.40556502
ATCCAGAGCAACAACC-1,4.790332,0.95465046
ATCCAGGATTCGTGAA-1,10.28737,3.4042907
ATCCCATCCACAGCGC-1,-3.449687,2.5549765
ATCCTACCTAAGCTCT-1,5.4979005,1.1394647
ATCCTGAATCGCTGCG-1,-1.0146135,-0.2568572
ATCCTGCGTGGAATGG-1,5.7851,1.0195755
ATCGACCCAATACAGA-1,9.707759,6.7233152
ATCGACTCTTTCCGTT-1,8.475829,9.997225
ATCGCACGATTGTTCA-1,8.145879,-0.6769924
ATCGGTTACCTAGTAA-1,-4.2009516,2.39264
ATCGTATTCCGAGAAC-1,-3.0821862,-0.70679826
ATCGTCCAATCGAGTC-1,8.144153,-1.3721784
ATCTAACGTCCCTATG-1,8.082011,-1.1768357
ATCTATCGATGATCAA-1,7.7286477,4.9723406
ATCTGATAGTGTCTTA-1,4.4007273,0.13605285
ATCTGTAATTGTACCC-1,7.4079537,8.952241
ATCTTGACCTGCAACG-1,8.647754,8.255339
ATGAAGCCAAGGAGCC-1,7.731748,8.238713
ATGAAGTGGACCCAGC-1,-3.2121115,-0.23206092
ATGACGCCGGCTCTAA-1,7.553513,8.4725
ATGACGCGTTCTATCC-1,-1.7546647,-0.3187926
ATGAGGAGTGTTAATC-1,7.7699466,2.9167106
ATGATCGGGAATAGAC-1,7.778279,9.074463
ATGATGCAATGGTACA-1,5.927694,1.0955744
ATGCACCTTCCTTAAT-1,-1.306998,-1.025309
ATGCACGCGCTGTTCA-1,-6.0205755,0.51977354
ATGCACTACCGCATTG-1,8.644891,7.457253
ATGCTCAGTGTTGCAT-1,8.286552,-1.3815581
ATGGAAATTTAAGGAG-1,-6.7723017,-0.16684635
ATGGAGCAGGCCGTGA-1,9.298622,8.80869
ATGGCAGCATTACGAT-1,-2.3791683,1.8314979
ATGGCAGCCGAGAAAC-1,-3.1414933,3.4477048
ATGTCATTTCCCATTG-1,1.1281486,0.10495695
ATGTGAAAGCCTAATG-1,-4.9932823,0.07450855
ATGTGCATCCGACGCA-1,7.30485,9.229519
ATGTTACGAGCAATAC-1,8.261177,3.7450361
ATGTTCCTGCCCACCT-1,0.64124566,0.0056368085
ATGTTCGTCGACCCAC-1,-2.493865,-0.7013033
ATTAAACATGCGGACC-1,9.347078,5.689955
ATTAACACCTGAGATA-1,4.0734987,0.36294004
ATTAATACTACGCGGG-1,7.229313,6.5598493
ATTACGCGCTGGCAGG-1,5.895098,1.1629559
ATTACTAGCCTCTTGC-1,8.504887,7.215126
ATTAGATTGATAGCGG-1,7.978896,8.195624
ATTATGAGACCCAATT-1,-2.490186,3.4420707
ATTATGCCATAGGGAG-1,8.830946,8.211471
ATTCAAAGTACCTGTT-1,7.9018617,-1.199098
ATTCAGTAGCAGGGTC-1,8.3426285,-0.4973792
ATTCATATACTGTCCA-1,9.111038,5.886719
ATTCCCACATAAACAA-1,8.226566,2.5614016
ATTCCTCCGCCAGTGC-1,8.680471,6.424434
ATTCCTTCCAGGCGGT-1,6.6947727,3.6990726
ATTCGACGCCGGGCCT-1,4.8155484,0.82456744
ATTGAAGATCTTAGTG-1,9.775791,6.6414475
ATTGATAGCAACGAGA-1,6.98839,2.7399108
ATTGATCACCACATTT-1,-6.85928,0.008708227
ATTGCTGCTCCTCCAT-1,8.069242,3.8698606
ATTGGTAGGATCCGCT-1,-3.0884173,-0.94038004
ATTTACAGTTTACTGG-1,8.531008,2.849099
ATTTCCGGGTTCTGCG-1,-1.2011527,1.4697763
ATTTGCGCGAGTAGCT-1,-0.82177824,0.06854921
ATTTGGAGATTGCGGT-1,-6.1919136,2.076841
CAAACCAGGTCTGCAT-1,-5.7420106,1.8740424
CAAACGAGTATCGCAG-1,5.0460734,0.6519362
CAAACGGTCGCACTTT-1,8.844279,4.18017
CAAAGATTATTGGGCC-1,-3.7873495,0.16259578
CAAAGTCAGGTTAGCT-1,8.493621,-1.0630372
CAAATCTCTCACAAGG-1,-4.62143,-0.18786238
CAAATGTCCTTCCGTG-1,6.4218335,0.58787787
CAACATGGCCTGATAA-1,6.708344,3.4713194
CAACCGCACCTAGACA-1,7.882282,0.114386484
CAACGACCCGTTTACA-1,7.466663,7.3366456
CAACGGTTCTTGATAC-1,9.522684,8.488538
CAACTCCTTGATCCCG-1,9.277217,8.372897
CAACTGCTCATCCGAT-1,8.322289,5.9977574
CAAGCAACGTCGGAGT-1,8.856905,0.609902
CAAGCACCAAATGCCT-1,8.250078,9.96892
CAAGGATCGCATGTTC-1,9.097072,8.984394
CAATACGCTCTGAGGC-1,-5.1002946,0.3884507
CAATATTCTTGACCTA-1,7.1992035,4.220164
CAATATTGGACTAGTG-1,8.320337,-1.6852131
CAATCCTGCCGTGGAG-1,6.9847307,2.6047246
CAATTGGGCCGCACTC-1,-5.3831124,0.03176523
CAATTTCGTATAAGGG-1,9.726677,7.965394
CAATTTGACCGGGAAG-1,7.890109,-1.1680001
CACAATGAGCTGCTAT-1,10.20953,2.9456313
CACACAGGGATAGATT-1,8.297139,0.1095328
CACAGCACCCACGGCA-1,9.865081,8.271813
CACAGCTAGGGAGTGA-1,9.188044,8.324133
CACATGATTCAGCAAC-1,9.348633,8.489182
CACATGTTTGGACATG-1,7.863878,-0.4155605
CACCAATCATCCGTCT-1,-4.13605,2.3460736
CACCACGCCACACAGA-1,-5.553349,0.46088237
CACCAGTCAGCATGCA-1,-3.0649893,3.3066077
CACCCACACGTCACCC-1,7.9588995,7.553774
CACCCGGTTTGTGACT-1,7.293357,6.124089
CACCCTTGGTGAGACC-1,-6.8208027,0.6656184
CACCGTTAGGGATCAC-1,5.3676624,1.0117456
CACCGTTGCGCGATAT-1,-2.6533966,-0.4468458
CACCTAATAGAGTCGT-1,8.87027,-0.7269142
CACGAAAGTTAGTCCC-1,9.563522,3.4955833
CACGCAGCGAGGCTTT-1,8.414565,7.0175056
CACGGGATTGAGGGTT-1,-3.873728,2.2487671
CACGTCGGCAACCTCT-1,5.8198996,0.93148524
CACGTCGGGTTCTAGA-1,4.629993,0.14057413
CACTAAAGTTGCCTAT-1,9.533338,6.1787915
CACTCAAGAGCTATGG-1,9.756668,6.3497977
CACTCCTATGTAAGAT-1,-1.7008727,2.0582938
CACTCGGTTAGGAGGA-1,-4.7441535,0.41299817
CACTGTCCAAGTGAGA-1,8.489804,9.3989315
CACTTAATCAGACGGA-1,9.879051,6.318284
CACTTCGCCACAGGCT-1,8.72001,1.5137173
CACTTCGTCTTATCTC-1,9.437918,1.1617525
CAGACACCGATCGCTG-1,6.680929,1.0496163
CAGACGAACCTGATAC-1,5.6456037,0.9463478
CAGAGACGGTCACCCA-1,7.425649,1.84207
CAGAGGCGATGCATGA-1,9.334219,2.5864124
CAGATACTAACATAGT-1,7.135963,5.6539016
CAGATCCTGGTTTGAA-1,-2.4436264,1.9303786
CAGATGTTTGTCCCAA-1,-4.183494,2.8504784
CAGCGATTCCCTTCAA-1,9.428471,3.7872398
CAGCGCCAACACGATA-1,-6.8922453,0.86475676
CAGCTCACTGAGACAT-1,9.252603,8.487018
CAGCTCGTGCTTGTGT-1,8.402881,9.862799
CAGCTGGCGTAACCGT-1,-6.6730113,0.47458124
CAGCTTAGTAGGTAGC-1,10.105089,3.9253612
CAGGATATATCGTTGT-1,9.134127,5.899343
CAGGCCGTTTGGGTGT-1,10.17246,3.5627148
CAGGCGCACGGTGGTC-1,-1.9439044,0.6443686
CAGTAAGGGACGTCTC-1,-5.0688906,2.2325559
CAGTAATCCCTCCCAG-1,8.6729765,-0.47438404
CAGTACCAGTTTACGT-1,-5.5059633,2.069947
CAGTAGATGATGTCCG-1,4.4412937,0.24061875
CAGTCGGCCTAGATAT-1,-2.8090713,2.18769
CAGTCTGTATACTGGG-1,7.9215946,7.081635
CAGTGGTTGCACATGA-1,8.286697,-1.5431235
CAGTGTCCGCAGAATG-1,8.43628,8.334917
CAGTTCAAATTGACAC-1,8.969938,7.172359
CAGTTCCGCGGGTCGA-1,8.743316,2.4911635
CATAAGCTCTCCGTCT-1,-5.6183457,1.653299
CATACAAAGCCGAACC-1,7.967041,8.958291
CATACACAAAGTCAGC-1,-6.4637814,1.8494022
CATACACGGTTCCCAC-1,8.90847,6.197812
CATACCCGTACCCAGT-1,9.246588,2.6300664
CATACGGCGTCTGGGC-1,9.342913,7.358328
CATACGGGTGCATGAT-1,8.518379,7.0672154
CATACTATGTAATTGT-1,9.806482,6.8892355
CATAGCCGCCCGGGAT-1,7.207,1.9131877
CATAGCGTTGCCCACC-1,9.978845,4.3165417
CATAGTAGCATAGTAG-1,8.778826,8.052853
CATAGTCCACAAGAAC-1,-1.8746874,1.178147
CATATAGGTACAGTCA-1,7.3775287,1.5600057
CATATGTCAGGCTACG-1,-5.1045184,0.4337306
CATCAACACCTACTAA-1,0.32178092,0.16788596
CATCCGCAGGCCCGAA-1,9.187757,1.4188929
CATCGAATGGATCTCT-1,8.127478,7.6646657
CATCGCCCGCGGCCAA-1,8.160241,9.627154
CATCGGACGGGTTAAT-1,9.229765,5.775063
CATCGTCCGGTTACTA-1,-2.1496603,-1.1693007
CATCTGCAGGATCATT-1,-3.1459584,-0.43465266
CATGATGCACAATTCT-1,7.852867,9.935321
CATGCCAACTCGCAAA-1,-5.326579,0.91424507
CATGCGTTAGACAGAA-1,8.103896,10.217104
CATGGCAGGAAGATCG-1,7.8426104,9.3701725
CATGGCTCCCTATGTC-1,-1.0722567,-0.54037833
CATGGTATTAGTTTGT-1,-4.9830775,1.8496369
CATTACGTCGGCCCGT-1,7.402861,9.473288
CATTATGCTTGTTGTG-1,-2.21354,3.0920541
CATTCAGGTCAGTGCG-1,7.662877,8.170269
CATTCCCTAAGTACAA-1,8.817615,-0.5446069
CATTGCGAAATGGGCG-1,-5.7341332,1.7707872
CATTGTGTGCTAGATC-1,8.576907,0.21931131
CATTTCTAGCAGACTA-1,7.2963843,2.6694558
CATTTGAGTGGTACGT-1,6.252276,0.47666186
CCAAACAGAACCCTCG-1,7.3927608,7.413905
CCAAAGCAGTTGGTTG-1,7.758166,0.7394669
CCAACGATGCACTGAT-1,9.935721,3.757513
CCAAGAAAGTGGGCGA-1,6.286398,0.7404023
CCAAGACTTCTGCGAA-1,7.8025727,7.9557643
CCAAGGAACAGAGAGG-1,8.036679,9.847178
CCAAGTTTCTACAGAT-1,4.7766676,0.30766732
CCAATAGATTTCATCT-1,-5.874069,0.24024805
CCAATAGTGCCGTCGA-1,8.587129,4.0191574
CCAATGTCACAGCAAG-1,8.989775,6.566387
CCAATTGAATGTTAAT-1,9.892356,6.5686135
CCACACTGAGATATTA-1,8.191038,2.2651274
CCACAGCTGAAATCAT-1,7.7826586,9.332447
CCACATGGCTCTTTAT-1,-5.760768,0.025448086
CCACCAACTTTACTGT-1,7.9442825,5.8840933
CCACGGAGCCATAAGA-1,-5.3121915,1.2154204
CCACTAAACTGAATCG-1,8.070949,8.247029
CCACTGGTGGCTGGTT-1,-2.1591394,-0.18964799
CCAGAAAGCAACTCAT-1,4.304292,1.0570621
CCAGAGACAAAGCCGG-1,7.817653,1.6927911
CCAGCCTGGACCAATA-1,9.240249,7.4820967
CCAGCTGATGGTACTT-1,-1.7812601,-0.58395165
CCAGCTTCCGCCCGCA-1,-3.4589393,0.30608872
CCAGGGACGTGGCCTC-1,6.6510677,4.4558535
CCAGTCAAATCTCTTA-1,-6.743972,0.62255204
CCAGTCCATTATTCGA-1,6.864591,2.7976654
CCATAACCTGTGCAGT-1,-5.6893716,-0.022577437
CCATACTCGCCTCTCC-1,-2.7237487,-1.4431704
CCATAGAGGCTGCCAG-1,-4.9990807,2.2156918
CCATAGGTTGGCGTGG-1,8.456981,9.764521
CCATAGTCAGTAACCC-1,9.074131,0.5060104
CCATATTGGATCATGA-1,8.105945,-0.59610236
CCATCCATACCAAGTC-1,8.327978,9.151396
CCATCGCAGTTAAACT-1,9.607694,7.299956
CCATGCCTGTTTAGTA-1,9.695537,7.517697
CCATGCTCTGCAGGAA-1,7.4381924,7.749493
CCATGGCCCTTGTACC-1,4.6017475,0.7546111
CCATTAGCGATAATCC-1,7.9952173,4.4362364
CCATTCCCTGCCCACA-1,8.718532,2.5348992
CCCAACATACGTCGCG-1,9.291861,2.7934172
CCCAATTTCACAACTT-1,8.02054,2.0742717
CCCACTCCACGGTATC-1,-4.2720575,3.262606
CCCAGTAAACTTGGGA-1,-6.3809357,1.067425
CCCGAAGTTTCGCGAA-1,-3.8365517,2.7233179
CCCGCCATGCTCCCGT-1,8.679063,9.318216
CCCGCGCAATGCACCC-1,9.032986,-0.22099638
CCCGGCTAGGTGAGAA-1,7.8491063,-0.68351907
CCCGGTGGAAGAACCT-1,4.3905916,0.2965609
CCCGGTGTATCGGAAT-1,-3.40297,1.9599792
CCCGTAAGTCTAGGCC-1,-0.86579275,0.23843467
CCCGTAGCTGGGAAGA-1,8.3314,6.383952
CCCGTCAGCGTCTGAC-1,7.2739987,6.3520713
CCCGTGAGGGCGGTGA-1,-2.3418753,2.972603
CCCTAGGCAACAAGAG-1,-2.955084,3.057154
CCCTAGTGTCAGGTGT-1,6.9741216,3.082672
CCCTATGTAGAGCAGA-1,-2.316398,3.0123768
CCCTCAAGCTCTTAGT-1,0.30133173,-0.07790642
CCCTCATTCTGGAATT-1,8.999738,8.828577
CCCTGAAATGAGTTGA-1,7.5491714,3.009095
CCCTGACTAACAAATT-1,-6.1154594,0.15174843
CCCTGATGTAACTCGT-1,8.690314,1.186745
CCCTGCCCAATCCGCT-1,-4.2981167,0.92663705
CCCTGCGCTACGCATA-1,7.6018453,-0.020104192
CCCTGGCTGTTCCTTC-1,-3.6837015,2.5592632
CCCTGTTGGCAAAGAC-1,8.051482,-1.259408
CCCTTTGACAGGTCTT-1,7.209124,0.9992624
CCGAAAGTGGTGAGCA-1,8.085725,2.787726
CCGAACACTGGGCCTC-1,-3.7056057,0.11143157
CCGAAGCATTGACCAA-1,-4.124328,1.8261188
CCGAAGTATATTGTTC-1,9.740087,2.7708802
CCGACAAACACATGAG-1,9.469219,2.5054054
CCGACAAAGGGAGTGC-1,4.1135154,1.0240569
CCGACGGGCATGAGGT-1,-2.9566462,2.6299477
CCGATTCGAGGGACCC-1,-3.561502,-0.2892333
CCGCACGTGACCTCGG-1,8.379428,1.821033
CCGCCGGAACTTCTCG-1,-4.7956514,1.6087042
CCGCCTTGCGATGTCG-1,-4.441272,2.4015293
CCGCGATTTGGTAGGT-1,-6.506722,0.16587509
CCGCGCAAGATACCCA-1,-4.519647,1.7351594
CCGCGGAATGCGTCAC-1,6.5084133,0.6549487
CCGCGGGTACGAAGAA-1,9.650135,4.916407
CCGCGTAGGTAAGGGC-1,4.5292683,0.3366836
CCGCTATCAGCACCAG-1,9.842618,8.057913
CCGCTTACCTCACTCT-1,6.364372,1.2292774
CCGGAATGGTTTCAGT-1,9.94605,3.1701012
CCGGAGCGTACTTTCT-1,8.497515,6.286366
CCGGCCGCGAGCATAT-1,-5.3059444,1.8320292
CCGGCGCATATTGGAT-1,7.8357506,10.090972
CCGGCGTGAGACTCTG-1,-5.3546467,2.796994
CCGGGACCCGCAGAGA-1,7.5492387,9.276588
CCGGGTTCGAGGTTAC-1,8.803233,2.3160503
CCGGTGCGAGTGATAG-1,7.7528386,-1.037739
CCGGTTTGTAATTGTG-1,9.705505,4.529301
CCGTACCCAAGCGCCA-1,7.77307,8.771982
CCGTATCTCGTCGTAG-1,-4.4021935,1.2036302
CCGTGTTAAATTCCAT-1,7.1358685,1.5224973
CCGTTCCGAATCTCGG-1,-1.6568122,-0.12338221
CCTAAATTAACGGTTC-1,9.484699,9.173135
CCTACATTCACAGACG-1,-1.3023041,1.2323419
CCTACGGCTCAGTCGA-1,8.23848,6.4844737
CCTACTGCTTACACTT-1,7.2442,7.210992
CCTAGGTAAAGGTAGC-1,-6.165517,-0.67010623
CCTATACCGTCCTGTC-1,9.64052,3.4181995
CCTATATCGTGTCACG-1,-4.768499,1.0327791
CCTCAACGATCGCTGT-1,-5.104208,3.0046494
CCTCACCAATCTTGAC-1,7.1919746,5.387085
CCTCATGCAGCTACGA-1,7.421385,9.945411
CCTCCGACAATTCAAG-1,10.119508,3.3905907
CCTCCTAGCTAGAGTC-1,-4.6032743,2.782226
CCTCCTGAGCCCACAT-1,-6.1819725,0.8120508
CCTCGGATGCTACCTG-1,-3.996217,3.4605052
CCTCTATCGATTAGCA-1,-4.5152583,2.5556824
CCTCTCTCCCATCTAG-1,9.1999855,1.5864254
CCTCTGTACTATTCTA-1,9.9634,7.644245
CCTGACAAACTCGCGC-1,0.22872001,-0.10852598
CCTGACCACCGATGGT-1,9.650044,7.6835203
CCTGCCCGTTGTCTAG-1,-5.2247086,-0.25066122
CCTGCGATAGAACTGT-1,7.80825,-1.0653524
CCTGCGTTCTACGCTT-1,-3.075649,-0.13900682
CCTGCTATTTGAGAAG-1,7.561678,5.5029554
CCTGGCTAGACCCGCC-1,9.950173,7.659856
CCTGTAAGACATGATA-1,8.984008,2.446496
CCTGTACTCACGCCCA-1,-1.8941749,0.07823588
CCTGTCGCCCGTAAAT-1,9.149655,9.570101
CCTGTGAAACCGTAAC-1,-4.582972,-0.37626642
CCTGTGCATAGGAGAC-1,8.270727,10.017639
CCTTCTCAGCGTTCCT-1,-4.5925913,2.0798228
CCTTTGAATTATGGCT-1,-4.919266,0.39747342
CGAAACGCAATTCATG-1,8.786671,3.1446073
CGAACCCGCATGCGTC-1,5.511649,0.5686681
CGAACGGCCGGACAAC-1,-4.25838,3.166537
CGAAGACGGTGAGTGC-1,-5.697245,0.51861334
CGAAGGGTTTCAGATT-1,-3.2443209,3.7068875
CGAAGTTGCTCTGTGT-1,10.0648575,3.2915199
CGAATGAAGTCATTGC-1,-2.7040708,1.6404353
CGACAGTTCGCGTTAT-1,8.378718,2.2439373
CGACCCTTAACGCCGG-1,-5.9651623,2.1949039
CGACCTACTAGACAAT-1,-2.5339837,2.839795
CGACGCATCCGTACCT-1,-7.0141234,1.0478946
CGAGACCCTAGAGTGT-1,9.640512,8.291562
CGAGAGCGCGTAGATA-1,-4.6172175,2.1395667
CGAGCACTTCAAGTTT-1,7.9712687,-1.0254833
CGAGCCGAGCACTCGA-1,8.599549,0.92715883
CGAGCTGGGCTTTAGG-1,8.01907,10.299421
CGAGGCCAGGCATTGG-1,8.49761,-1.2601504
CGAGTACTAAAGAGGA-1,9.231669,2.6165254
CGAGTGAAGGTACCAG-1,-2.0175948,0.45564234
CGATACCTCGCGGACA-1,10.168564,3.3516583
CGATAGCGATACAGTG-1,-3.260044,3.5728815
CGATCCGACCCAGTGC-1,7.8853297,3.8971682
CGATCTGTTGGAGGAC-1,-4.5940576,-0.60999364
CGATGTTGTTATCTAC-1,-3.828046,-1.2587751
CGCAAACACGAGTTAC-1,8.206562,4.1931906
CGCAATCGATCATTAG-1,-1.4088926,-1.018552
CGCAATTACTTTCGGT-1,8.135795,2.9125903
CGCAATTAGGGTAATA-1,8.145925,6.7633505
CGCAATTCTACAATAA-1,9.430938,1.2400787
CGCATGGTGCGATGCT-1,8.054981,9.049686
CGCCAAGAAGCCGAGT-1,-5.7778296,0.7579861
CGCCAATTATTGCGTT-1,7.999622,0.72144717
CGCCACAGGTCGCGAT-1,-6.5201244,0.88197714
CGCCACCCGCATTAAC-1,7.018894,4.1296463
CGCCCTAATTGTTCAA-1,-3.4515738,3.5509303
CGCCCTTGAAGGCTGA-1,4.2276216,0.20306808
CGCCGACTATTCGCTA-1,-5.206432,0.04821214
CGCCTGGCCTACGTAA-1,-2.2567925,-1.0703402
CGCGACACTGCGCAGC-1,-0.6402472,-0.42225558
CGCGAGTCTGCCGGGT-1,-3.1099994,3.1008348
CGCGCAAATGTCCAGA-1,-2.4446738,3.0198388
CGCGCATGTTTGATTG-1,6.5921435,0.47464305
CGCGGCAGTATTACGG-1,8.299742,-0.042349514
CGCGTTCATGAAATAC-1,7.376783,5.8669024
CGCTACGGGACATTTA-1,7.9334507,2.460834
CGCTATACCGCCCACT-1,8.432359,8.378898
CGCTATTCAATGTATG-1,7.1219554,2.9141023
CGCTATTCTTAGGCTC-1,9.906077,7.338772
CGCTCGACATAATGAT-1,8.094771,8.069517
CGCTCTCCGTAGATTA-1,8.911775,-0.3594528
CGCTGTGACGCCGCAC-1,7.594569,6.4699283
CGCTTATTCCCGGTCG-1,5.2123623,0.72470355
CGCTTCCACTGAAATC-1,8.367921,7.303809
CGCTTTCATACCGGTG-1,7.56896,9.892803
CGGAAAGCAAATGTGC-1,-0.98695666,-0.8786748
CGGAACGTAAACATAG-1,5.8332543,1.2165867
CGGACGTTACTTGAAG-1,-6.295127,0.13444673
CGGAGCAATTTAATCG-1,9.05803,6.696683
CGGAGCATGGCGATCC-1,9.698275,8.943772
CGGAGTTTGAGAGACA-1,9.2832,2.6044505
CGGATAAGCGGACATG-1,6.6044207,1.4195331
CGGCACTCAAGAAAGT-1,8.228876,7.817549
CGGCCACGCACAAAGT-1,9.91086,6.9455605
CGGGAATTTATGTAAA-1,9.672068,8.244726
CGGGAGTATACCGCCG-1,-0.20746107,-0.35668314
CGGGATCAATGTAAGA-1,8.40489,9.962028
CGGGCAGCTAAACCGC-1,9.562284,8.72892
CGGGCCATAGCCGCAC-1,8.625915,-1.1265154
CGGGCCTTCTTTGTAA-1,8.559487,4.0671716
CGGGTTGTAGCTTTGG-1,7.652399,9.688052
CGGTAACAAGATACAT-1,8.493714,7.726102
CGGTACGGCAAACCCA-1,-6.1711106,1.3438579
CGGTGAAGACTAAAGT-1,3.2261095,0.61136496
CGGTGCAGATAGAACG-1,9.607085,2.7981024
CGGTGCGCGTTGGTCC-1,6.686182,1.3052596
CGGTGTACTTGATCCC-1,8.243383,6.012303
CGGTTCCGGCTTCTTG-1,7.3152328,9.319661
CGGTTGACCTGGCATA-1,-2.5368617,-0.60568434
CGTAAACGCTTGAGTG-1,6.9477673,3.3140562
CGTAATAATTACGAGT-1,4.7371407,0.56427
CGTACCGAAAGTCTAG-1,8.502439,-0.5441663
CGTACCTGATAGGCCT-1,7.9303675,9.466981
CGTATTAAGAGATCTA-1,9.522894,7.22092
CGTCAAGGCTATAAAT-1,-4.116635,1.4998543
CGTCAATCTTTAACAT-1,8.601292,-0.30565125
CGTCACGTCCATTGGT-1,5.2313437,0.5918839
CGTCAGCTATTTACTC-1,0.995242,0.13376231
CGTCATACCATATCCA-1,8.215144,1.9904546
CGTCCAGATGGCTCCA-1,7.373553,0.1154926
CGTCGCGGCGGGATTT-1,8.378439,-0.31312102
CGTCGGGTCTAAGCGC-1,-2.8871179,3.4691114
CGTCTGGAAGGGCCCG-1,8.225099,10.111246
CGTGAAGTTAATTCAC-1,8.66902,6.788858
CGTGCATTGTCGACGC-1,9.134903,2.975298
CGTGCTGGCCTAGTCG-1,7.711203,-0.99991965
CGTGTCCCATTCGCGA-1,8.766276,6.487906
CGTTATCATACTTCCA-1,-3.230981,3.172535
CGTTCATGGTGCGCGT-1,-6.330402,1.5277447
CGTTGTAAACGTCAGG-1,-1.1404898,0.23892948
CGTTGTTTCAATTCCC-1,8.950004,2.424178
CGTTTCGCTCATTACA-1,9.523906,6.5144353
CGTTTGTGTAGAGGGT-1,8.824813,6.3294196
CTAAAGAATGCCTACT-1,10.192463,3.6584752
CTAAAGGGAAATAGGA-1,9.157104,8.277642
CTAAAGTCCGAAGCTA-1,7.869845,7.4294477
CTAACCGCGCGCCCGT-1,9.329682,3.4192452
CTAACTGGTCCGGTTC-1,4.40872,1.1380652
CTAATGCGCCCAACAA-1,9.227699,5.9509277
CTAATTCGCACGCGCT-1,8.5034895,1.7532656
CTAATTTCAACAACAC-1,8.690881,0.48386556
CTACAAGAAATAACCC-1,9.951467,4.421925
CTACGACTAGCTATAA-1,-1.5086105,-0.39357975
CTACGCACGGAGTACC-1,8.587307,7.1366334
CTACTATCATAGGTTT-1,-3.716913,3.2606382
CTACTCTAGGCCCGGC-1,7.536607,3.1280622
CTAGATAAACTCCTCG-1,7.731913,9.151345
CTAGCATAGTATAATG-1,9.168002,8.861393
CTAGTCACGTCTTAAG-1,8.735211,8.449406
CTAGTGAAGGACAGGA-1,9.634584,1.3059162
CTATACTTAAAGCGAG-1,-3.9655402,2.754186
CTATGTGAGTCACGGC-1,-3.9604118,1.5206228
CTATTCATGTGTCCCA-1,8.565144,7.665329
CTCACCAGTACAAGTG-1,-3.6325216,-1.0850677
CTCACTTGGCTGGTAA-1,-2.6788642,-1.2128428
CTCAGATTGTGATAAG-1,-3.7759893,1.1577692
CTCAGGACTCACCTGT-1,7.8956895,4.4643154
CTCATGGTAATTTGCG-1,-5.580274,1.9106269
CTCATTCGTGAACATC-1,-4.726253,-0.5720545
CTCATTTGATGGGCGG-1,8.002165,10.244604
CTCCCTCCTTTCGATC-1,-4.626678,2.6576688
CTCCGCCCACATGAGG-1,9.529819,2.7905538
CTCCGGCCTAATATGC-1,9.096198,9.273687
CTCCGGCTTGTAGACA-1,8.980441,-0.31308553
CTCCTAAGTTATGTCT-1,7.883319,7.839556
CTCGAGACATACGATA-1,-6.5466194,0.35291365
CTCGAGATCCAAAGCA-1,8.718729,-0.23341437
CTCGCATTGCATAGCC-1,-5.5331287,2.643051
CTCGGTCCGTAGCCTG-1,7.987128,8.872094
CTCGGTTGTCGGCCCT-1,-2.434374,2.1218746
CTCGTCGAGGGCTCAT-1,-2.8493078,2.6256707
CTCTACACTGGCGATT-1,-4.7048087,0.5215553
CTCTCGCTGTACTATG-1,-2.8748417,-1.0984254
CTCTCTAACTGCCTAG-1,-5.3403034,2.7735972
CTCTGGACGCCTGGTG-1,8.56632,8.706541
CTCTTGTCCCGCTTGG-1,8.546069,6.3526063
CTGAAAGAGATCCGAC-1,7.743245,9.367559
CTGAATCCGAGACCTC-1,5.914026,0.4993888
CTGAGCAAGTAACAAG-1,6.821527,2.7583907
CTGATAGTGTATCTCA-1,-2.6916528,-0.35776165
CTGCACCTGGAACCGC-1,8.025588,9.921879
CTGCAGGTGCTCGGCC-1,6.9010625,3.4847999
CTGCCATGCATCACAT-1,9.516404,7.6694493
CTGCCCACGAAGCGTT-1,-4.6937113,1.1266007
CTGCGGGTGAAATGTT-1,6.4965453,2.5763025
CTGCTGAGGCCACGAA-1,4.119365,0.88001317
CTGGAAATGGATGCTT-1,9.691863,8.179544
CTGGACGCAGTCCGGC-1,-7.013189,0.7567341
CTGGATTTACACTTGA-1,6.338451,0.6848357
CTGGCATCCGAATGAG-1,-5.162957,1.8449161
CTGGCGGGAATAAGTA-1,8.116892,0.021264339
CTGGCTCCTGCGGGAT-1,8.237681,9.571376
CTGGCTGGTTGTCAGT-1,9.633458,5.9527836
CTGGGCCTGCTATATC-1,-2.4103339,1.2498101
CTGGGTTGAGTTAAAG-1,-4.652113,0.6227565
CTGGTCATTCCAATCC-1,-1.9709698,-0.23601481
CTGTACTTCTTAGCAT-1,8.997233,5.7448435
CTGTAGCCATCTCACT-1,9.6142025,4.276458
CTGTATGGTGTAGAAA-1,7.643997,3.7841449
CTGTCTGTGGCTGGCT-1,7.9655466,-0.052502103
CTGTGCAGGGTAGGTC-1,8.5323715,9.026345
CTGTTACCCAATCTAG-1,7.6797776,0.23596752
CTGTTCACTGCCTGTG-1,8.109916,8.0118685
CTGTTCATCTCACGGG-1,8.134127,3.6120288
CTGTTGGCTCTTCTGA-1,1.0042534,0.076420315
CTTAAATAAGACCCAT-1,-3.5652945,-0.8776974
CTTAAGCAGCGAGCCG-1,-4.4059844,2.40038
CTTACACGGTATTCCA-1,9.105857,8.319193
CTTACACTGGGAAATA-1,8.108159,7.79785
CTTAGCCCGGATAGTG-1,-1.8811879,-0.24068499
CTTAGGTATAGACCAG-1,-3.0017056,3.2892072
CTTATGCGCTCAGGGC-1,-4.620679,0.1702373
CTTATGTTGACTACCA-1,8.12853,2.9917324
CTTCAGTGGTCGCCTA-1,-2.3234658,2.1627424
CTTCATAGCTCAAGAA-1,9.21775,8.954294
CTTCATTGTCAGTGGA-1,10.032933,7.520484
CTTCCGCTCCGTGAAG-1,9.734004,4.305923
CTTCGTAGATAGGTGA-1,9.999808,3.674721
CTTCTATGTTGAAGTA-1,-5.795763,1.6253008
CTTCTATTAATGCTAG-1,5.961618,0.22756173
CTTCTTACGTCGTATA-1,8.467719,9.635733
CTTGAGGTTATCCCGA-1,7.1798973,2.8523877
CTTGCAACCGCCTCCT-1,-4.455401,0.0031724314
CTTGCCCAGGCTCTAC-1,7.668589,0.16936558
CTTGGCCAAGCTGGGA-1,6.8963084,4.8489523
CTTGTACTTGTTGACT-1,7.676918,8.441649
CTTGTGAGGACAGCGG-1,7.6697206,3.1531842
CTTGTGAGTCTTTGAC-1,7.780694,9.982101
CTTGTTTATGTAGCCA-1,7.8615384,0.6727178
CTTTAGTGCTATTATT-1,9.132466,8.599519
CTTTGACGTCGCTTCT-1,-3.3422916,3.2389183
CTTTGGCGCTTTATAC-1,-2.5976512,-0.42276093
CTTTGGCTTTAGTAAA-1,7.9010663,2.4684303
CTTTGTCGAATGCTCC-1,-6.6718326,-0.10071051
GAAACATAGGAAACAG-1,-4.9314275,2.8538458
GAAACCGAATTACCTT-1,5.5550437,0.9930752
GAAACTCGTGCGATGC-1,7.9347024,1.1683345
GAAAGCAGTGCACTTT-1,9.128882,4.827673
GAAAGCCCTTTGGACC-1,1.5659403,0.18368441
GAAAGTGACTAACTGC-1,9.647727,1.240011
GAAATACTAAACGTTT-1,8.7585535,-0.28409258
GAAATATCACCATCAG-1,8.551475,-0.27436146
GAAATCGCGCGCAACT-1,7.9425454,8.923186
GAAATCTGACCAAGTT-1,2.2230222,0.2727561
GAAATGGCGGTGTTAG-1,9.362424,8.024241
GAAATGGGATGTAAAC-1,8.348,-1.5435466
GAAATTGTCTCTATAA-1,7.122789,1.4097105
GAACACACATCAACCA-1,7.2154975,6.137701
GAACCTCGACCTACAC-1,-6.590412,0.08214552
GAACGACCGAATGATA-1,7.7892184,9.266929
GAACGTTAGGAAGACG-1,-2.6295717,-0.8988146
GAAGAAACGATATTGT-1,-2.1587129,2.4780235
GAAGAACGGTGCAGGT-1,8.1929035,10.070341
GAAGCCGGGTAAGCTC-1,-2.3156977,-1.3729779
GAAGCGTGAGGAATTT-1,9.746471,7.924799
GAAGCTCGGACCCGTC-1,-4.743659,3.0468075
GAAGCTCTTTGCTTAG-1,4.9801044,0.43726212
GAAGCTTGCTGACCGC-1,8.914207,2.6598039
GAAGGACTAAATTGAA-1,8.43501,8.265154
GAAGGGCATAACCATG-1,7.849625,-1.0054234
GAAGTCAGTTGCACTA-1,7.6046386,1.8940961
GAAGTGATTTATCGTG-1,10.172211,3.4282296
GAAGTGCTGGATAGCT-1,8.232929,10.109295
GAAGTTTCCACTCAAT-1,7.850771,3.7160316
GAATCGACATGGTCAC-1,8.426957,5.54135
GAATCTGAACATTCTC-1,7.854309,6.9319234
GAATGCCGAAATGACC-1,2.9475129,0.44010016
GAATGGGCTTATCGAC-1,-6.8907013,0.1498748
GAATTCACCCGGGTGT-1,6.6966267,0.58306193
GAATTTCTCGCTGCAG-1,8.371509,1.4529082
GACAACGCAGCTTACG-1,7.2893343,6.705652
GACACGAGTTAGAGGA-1,8.69704,-0.79595715
GACACTGAGTTCAGTG-1,5.8349447,1.2739295
GACAGATTTCTGGCTC-1,-3.2986152,3.0336156
GACAGGCACACACTAT-1,-0.09107431,-0.032212425
GACATACTGTCGCAGA-1,-2.60273,-0.7909844
GACATCGATTTATAAC-1,6.3156238,0.8252155
GACCAGAGCCCTGTAG-1,9.574298,6.8959107
GACCCAATTATGATAC-1,-4.3886843,3.0597575
GACCGACTGAAGCGTC-1,3.7567322,0.8331124
GACCGTGCTGACGGTG-1,9.689858,4.2812786
GACCGTTACATGCGAC-1,-6.4839835,0.9793676
GACCTGGTCTGGGCGT-1,8.225142,-0.9318016
GACGCATACCCGTCGG-1,-4.875055,2.8171525
GACGCCGTAAAGGCTA-1,9.476157,4.0882206
GACGCCTGTTGCAGGG-1,7.968829,8.510243
GACGCTTGCTTCTAAA-1,9.131733,5.276182
GACGTGAGACTCCATG-1,7.887133,10.309666
GACGTGTAGGGATTAT-1,9.407427,7.614785
GACTAAGATCATGCAC-1,7.301827,6.6164603
GACTAAGTAGGCTCAC-1,8.478438,7.928253
GACTACAAAGCGGTGG-1,-6.437846,1.9469346
GACTCCTTCCAATTGA-1,-6.16755,-0.6266608
GACTGCGGCACGTGTA-1,-4.7278814,0.094654225
GAGAATCTCACGATCA-1,-4.583341,1.5618862
GAGACTGATGGGTAGA-1,8.483406,8.575459
GAGACTTCGCGACCGA-1,8.523136,2.63062
GAGAGCGCAGTCCCTG-1,-3.3228357,-1.007975
GAGAGGGCGCGAGGTT-1,9.379749,1.7730743
GAGAGGTGCATTCTGG-1,-1.8625922,-0.749761
GAGATCTGCTTGGCAT-1,9.796088,6.5438867
GAGCGAGGGAGTACCG-1,8.930493,9.629116
GAGCGCTGTTAGGTAA-1,-2.426089,3.3004003
GAGCTCTCGGACCTAA-1,9.050868,7.1263404
GAGGAATGGAGAGGTT-1,9.438807,1.4487772
GAGGAGATCCTCATGC-1,7.8902063,-0.5356873
GAGGCCCGACTCCGCA-1,-2.9137473,3.2516942
GAGGCTATCAAAGTCG-1,7.8855724,-1.0622455
GAGGGCATCGCGTATC-1,8.016775,8.940188
GAGGTCCCAAAGATCT-1,8.157193,-0.52930486
GAGTAAGGCCACGGGA-1,-4.5857234,2.975622
GAGTACGGGTATACAA-1,8.23593,9.590621
GAGTATGCCCGCCTTG-1,6.0034127,0.49925527
GAGTCAGACCAGAATC-1,9.506506,4.3676987
GAGTCCGCTTACCGGA-1,7.6604176,0.32795602
GAGTCGACAGACCCTC-1,-5.823419,0.0063365623
GAGTCTTGTAAAGGAC-1,-2.943605,3.5768142
GAGTTCTGTGGGTGCT-1,-4.791676,1.9869001
GAGTTGATGGCAATTT-1,-4.606968,1.5716267
GATAAATCGGTGGATG-1,7.9279633,9.235897
GATAAGGCAGATGCAA-1,8.48959,6.7700644
GATACGATGGGAGTCA-1,6.1063027,1.441585
GATAGCGTACCACGCG-1,7.726739,-0.39049315
GATAGGTAACGTTGAC-1,7.999608,3.9070718
GATATCAAGCAGGAGC-1,-4.3033977,2.3860145
GATATCAGTATGTATC-1,8.316832,-1.3157885
GATATGGATTACGCGG-1,-1.8321288,-0.3352375
GATCATTCCAAACATT-1,9.076189,9.5082655
GATCCTCGACACTGGC-1,-1.7008095,0.8632201
GATCGACACTATCTGA-1,8.377596,6.971251
GATCGCGGGCTCTCCA-1,8.844791,7.410447
GATCGCTATATCTCAG-1,-2.2114682,2.5085123
GATCGGATAGAACCAT-1,-4.0967884,3.0494812
GATCGGCGATAAGTCG-1,-0.9806195,-0.38291234
GATCTAACCGTATTCA-1,-5.9882784,-0.46602225
GATCTGCTATCTAAGG-1,8.91661,7.1108055
GATCTTCATTGTCCTC-1,-0.68241096,-0.7293757
GATCTTGGAGGGCATA-1,8.73561,8.941574
GATCTTTGCAGGGTAT-1,8.394297,-0.26716813
GATGACAAGTAGGGCA-1,-2.4998336,1.9825755
GATGCCAGCAGAAGGC-1,-0.3262779,-0.260939
GATGCCTTCTGCGGCA-1,-1.1081687,-1.0265088
GATGCGAATGGTATTA-1,-1.0638894,-0.4527449
GATGCGTCCTGCATTC-1,8.831593,7.5981464
GATGCTACAAGCGCCT-1,7.7257457,7.7938056
GATGGCGCACACATTA-1,7.9984527,-1.0955626
GATGTAACGAACCACC-1,-4.15837,2.3940861
GATGTTCAATCCACGA-1,9.857827,3.0170279
GATGTTTGTGCGAGAT-1,8.119891,-1.4095742
GATTACTGAATTTGGG-1,9.605528,2.9329507
GATTCCTATACGGCGC-1,8.0491295,1.0250435
GCAAATATTACGCTTT-1,7.825562,2.1648548
GCAAATGAGGACACTT-1,-6.5616884,0.770158
GCAACACACTAGAACT-1,-5.549313,2.6663797
GCAACCACGGCCGCGT-1,-2.2436628,0.79684615
GCAACCCAAGTTGTTT-1,-6.2278724,0.12802313
GCAAGAATTCCTTGGC-1,8.420749,2.3562644
GCAAGCTGGAAACCGC-1,-6.065142,2.0169153
GCAAGTGCACAGAGAA-1,8.339188,6.287572
GCACAACCTCGGGCGT-1,-4.10596,-1.2430837
GCACAAGTGGATCATA-1,1.8984848,0.28010955
GCACACGCCCATGGTC-1,-3.8241363,-0.42329794
GCACGCCTACTTAGAT-1,6.6696653,4.075975
GCACTGTGCAAATGTA-1,7.7672544,9.259005
GCAGATCCTCGCAAAT-1,-2.3470619,-1.1925191
GCAGATTAGGGATATC-1,10.106624,8.043847
GCAGCACACAGCCCAG-1,9.403974,2.2613184
GCAGGAACTTAGATCT-1,-4.9324484,0.56339455
GCAGGACTATAGAATA-1,10.177298,3.3638365
GCATACGAGGTCTTTA-1,-5.708278,1.3265746
GCATAGAGCACTCAGG-1,9.269728,7.687762
GCATCCCTAACTTTGA-1,8.038259,8.207896
GCATGGGTACTGACGC-1,-6.173427,-0.3159383
GCATTCGAAATGAACA-1,-3.4128373,2.4298234
GCATTGACTTGCGGAA-1,-6.160928,1.2308303
GCATTGTAATTCATAT-1,-4.1965423,-0.024183689
GCCAAGAATACTTCTG-1,-3.181972,3.468148
GCCACAATTTAAGGAC-1,9.071172,2.4608552
GCCACCCATTCCACTT-1,8.738401,5.7618184
GCCAGGCTTAGTGGTA-1,8.280692,-0.81982243
GCCATCGAGCTGCGTG-1,7.1762652,-0.43249288
GCCATTAGCCTCAAAC-1,-4.7310333,1.4031385
GCCCAGTTGGTATGCC-1,8.465233,7.271914
GCCCGACTTCTTCCCG-1,-5.4180746,1.9647702
GCCCGAGAGTCTAAAT-1,-3.9403176,2.431732
GCCCGCGCGTAAACGG-1,6.600712,0.8578854
GCCCGCGCGTTTGACA-1,7.788777,6.4442616
GCCCTAGCCGTCGCGA-1,-2.4032893,1.9606405
GCCGAAATTCCTACGT-1,8.345078,4.2830515
GCCGATTGGCCAAGCT-1,9.654538,7.638117
GCCGCATTAGTCCGGC-1,-3.2622125,-0.63101166
GCCGCTTGTGAGAAAC-1,9.731547,3.2853436
GCCGGGTTAGGGTCGC-1,9.521819,7.274988
GCCTAGCGATCTGACC-1,8.190865,7.299923
GCCTATTCCGATATAG-1,8.857846,-0.6121638
GCCTTCAGCCCTACCG-1,8.017757,8.394204
GCCTTGTATATGCAGT-1,6.5254874,1.6898801
GCCTTTGTCAGTGGAC-1,-3.4080958,2.7127476
GCGAAGCCATACCCGT-1,8.929378,8.576037
GCGACCCAACCATCTG-1,-2.279814,2.9992576
GCGACGATAGTTGTAC-1,6.2135744,0.9367196
GCGAGAAACGGGAGTT-1,8.915362,1.4273669
GCGAGGCCCGAGCAGA-1,8.139213,6.494627
GCGAGTTCTGCAAAGA-1,9.433484,8.291405
GCGATGTCTGTGCTTG-1,3.6524985,0.28282875
GCGCAAATATATTCAA-1,-2.5963407,2.3161235
GCGCCGTTCCACGATA-1,9.813443,8.375345
GCGCTATGCCGAGGCA-1,6.0670004,1.351382
GCGCTGGCGGAAAGTC-1,7.585153,-0.46145368
GCGGACCGCGTTGTGG-1,6.7162423,3.3653607
GCGGAGAAACTTCGCA-1,-2.1164849,2.0202038
GCGGCAAAGTATTGCC-1,-2.6814551,3.402847
GCGGCTCTGACGTACC-1,8.87637,5.673761
GCGGGAACCAGGCCCT-1,8.735163,9.768686
GCGGGCGAGCCTTACC-1,8.560689,3.916358
GCGGTAACCCAAATGA-1,7.8080325,7.4555373
GCGGTGCGGAGCATCG-1,-0.92775613,-0.93682575
GCGGTTCCCTATCATG-1,4.2955756,0.6830525
GCGTCGAAATGTCGGT-1,7.966291,10.388075
GCGTCTCTGCATTGGG-1,9.773463,2.1528852
GCGTTATATTTGGAAC-1,-3.8919673,2.0972161
GCTAAACCTGAGGTGA-1,8.594815,1.3243924
GCTAAGTAAAGGCGAT-1,-4.573375,0.378262
GCTAATACCGAATGCC-1,8.035636,8.388431
GCTACAGTACGGACCG-1,-3.41991,2.6572018
GCTACGACTTATTGGG-1,8.327899,8.954449
GCTAGCTTGAATAGCT-1,6.011534,0.8107711
GCTAGTAGAGCTTGTA-1,9.262621,8.524491
GCTAGTTTCATTGAGG-1,9.175308,7.589029
GCTATCGCGGCGCAAC-1,9.572341,1.108497
GCTATGCCAGCTTATG-1,-3.20703,2.2882268
GCTCAACCTCTTAGAG-1,0.77265364,0.03548925
GCTCAATCCGTTTATT-1,-0.19932015,0.94044125
GCTCCTGACATACTGG-1,-2.6724894,1.833767
GCTCGCGGTTCCGCTC-1,-3.2158012,-0.45793822
GCTCTATGTTACGTGC-1,9.075586,6.2670407
GCTGAATCTTCCAATC-1,-3.4427207,2.6441853
GCTGAGCAACGGTTCT-1,-2.3049545,-1.3145984
GCTGAGGCGTGAGTAT-1,8.805801,8.432729
GCTGCGCCTCCCACGT-1,0.4245649,-0.08229595
GCTGCTAAGTAGTCGA-1,9.637908,6.2515864
GCTGGCAGGTGCCGTG-1,-2.9348402,-0.7710576
GCTGGCATATTCACCT-1,9.396246,2.3856516
GCTGGGTCCGCTGTTA-1,8.899495,8.54615
GCTGGTTTAGGCCATA-1,-5.403067,1.6114786
GCTGTATTACTGGCCC-1,9.06796,2.46466
GCTTCCAGCTTAGATT-1,8.14415,-1.1749713
GCTTGATGATAATCAG-1,9.327225,6.510783
GGAACCCGAACAAGAA-1,-1.3883207,-0.76218617
GGAACCGTGTAAATTG-1,6.161766,0.2182271
GGAACCTTGACTCTGC-1,-5.4303746,2.4830947
GGAACGGCCTGCAGCC-1,-3.0020297,-1.0093578
GGACAAGTTGCAGTGA-1,-4.818847,0.43163607
GGACCTCTAGGCCGCC-1,-2.8342066,1.832567
GGACTAAGTCAGGAGT-1,-3.3226953,-0.49911365
GGAGAAGTCATTGGCA-1,8.163555,7.0386043
GGAGACATTCACGGGC-1,8.049335,4.5206347
GGAGACCATCTACATA-1,-7.0699673,0.86350936
GGAGACGACACCTTTG-1,8.578646,8.226305
GGAGGAGTGTGTTTAT-1,9.238301,6.8567085
GGAGTACACATGAGCT-1,4.292797,0.20786405
GGAGTGCCGCCCTGGA-1,7.1991863,6.692414
GGATCAGAGCCATCAG-1,-5.9807115,1.6738095
GGATCCCTACCAGCTA-1,8.211344,-1.2199688
GGATCTTGACTCAACC-1,-4.9336987,0.64815
GGATGACGCGAGTTTA-1,8.281682,2.6365147
GGATGCTGGCGTTCCT-1,-5.204807,0.36368594
GGATTCAGTACGGTGG-1,7.3396826,5.9936647
GGCAAAGGCGCCAATA-1,-1.6563381,1.5508484
GGCAAATTACTTTACT-1,8.123855,1.9703437
GGCAAGGCGAAATAGC-1,8.67252,8.806723
GGCACTCCACTGGGCA-1,9.2208395,7.2552385
GGCAGAGAGATCGGGA-1,-5.762969,0.26970494
GGCATACAGGTAGCGG-1,8.7455225,2.3884146
GGCCACACGAAAGCCT-1,-0.6978447,-0.6732153
GGCCCTCACCCACTTA-1,-0.49264514,-0.2414296
GGCCTTTGCAACTGGC-1,-6.394011,0.39253446
GGCGAGCGAAACGGCA-1,-6.583482,-0.37268183
GGCGCAGGACATCTTC-1,5.179036,0.7602446
GGCGCATGAATTGATG-1,9.429153,5.8642235
GGCGCGTTCGAGTTTA-1,7.6596603,2.3233016
GGCGCTCCTCATCAAT-1,8.214569,-0.64438075
GGCGGAGTAATATTAG-1,9.289287,6.5425544
GGCGGTTTGCCGGTGC-1,4.8981495,0.4920851
GGCGTCCTATCCGCTG-1,9.672406,2.9777114
GGCTATTAAGTTGTAT-1,7.7721596,2.1456418
GGCTCGTGCCACCAGC-1,7.7800174,6.766949
GGCTGGCAGCTTTATG-1,6.639469,3.5606434
GGCTGGCTAGCTTAAA-1,9.554955,6.5878744
GGCTTGGCTCTCACCT-1,-2.778002,-1.0959464
GGGAACGGGAGGTTAG-1,8.446088,4.2207847
GGGAATTCTGTCCAGT-1,-4.165142,-0.42053676
GGGACAGAGTTACTCC-1,-2.8072736,3.104963
GGGACCCGTATATCTT-1,8.758723,5.908246
GGGACTGCATAGATAG-1,8.533609,7.8051605
GGGAGAACTCACAGTA-1,8.808311,9.685411
GGGAGGATGCCCGAAA-1,9.844412,6.047878
GGGATACGGTAATAAT-1,-3.2462046,-1.2777866
GGGATGGACCCGCGTC-1,-4.7724605,2.9782693
GGGATGGTCGTAACCG-1,6.1456814,0.8993037
GGGATTATCTCACAAC-1,6.6353507,4.056872
GGGCAACCGCACGTGC-1,-2.4986079,2.6764262
GGGCACGAATTGGCCG-1,-3.0434396,-1.4703585
GGGCAGACGTCACTGC-1,-3.4219253,2.9939687
GGGCAGGATTTCTGTG-1,-3.960556,3.4381118
GGGCCCGTCTTAAACA-1,9.353756,3.0988178
GGGCCCTACGAAAGGG-1,-3.2216043,-0.6695379
GGGCCCTTATCTATAC-1,-5.2184405,0.43115276
GGGCCTAAATGGGCTA-1,-3.665436,2.5327158
GGGCGAATTTCTCCAC-1,0.15646,0.014145598
GGGCGGCAAATGAATT-1,6.037193,0.5328537
GGGCGGGTTCCCTACG-1,9.293052,3.1000307
GGGCGGTCCTATTGTC-1,7.5141516,3.9381196
GGGCGTACATTTATAT-1,7.2892275,6.320635
GGGCGTCACCACGTAA-1,4.585033,0.43585715
GGGCTACTATTTCGTG-1,-6.825618,0.28330374
GGGCTGGTTAGTCGCG-1,9.958159,7.670292
GGGTAATGCTGTGTTT-1,6.805607,3.2678921
GGGTACACTCTGGAGG-1,7.031629,3.3241558
GGGTACCCACGGTCCT-1,6.7758965,3.6794794
GGGTACTTCATGAACT-1,9.793901,2.8258345
GGGTATGTATGCACTT-1,7.766129,1.7193382
GGGTATTCTAGCAAAC-1,-3.8625543,2.1927426
GGGTCACCGTGACGGT-1,9.017865,5.7003455
GGGTCATGCGTACCAT-1,-1.5556755,-0.78060323
GGGTGACACCTTAACT-1,7.579208,0.70173067
GGGTGTTTCAGCTATG-1,7.924129,10.146043
GGGTTAACATTTGAGT-1,8.789382,3.5707345
GGGTTCAGACGAACAA-1,9.791611,1.9860599
GGTAACCGGCAAAGGT-1,7.6656427,2.5336359
GGTAACCGGGAGGATA-1,-2.575019,2.2590337
GGTACAAACATGCTAT-1,7.641845,3.6278567
GGTACATCTGGGACGA-1,-1.0241791,-0.13165846
GGTAGACCGTTGGGCG-1,8.137494,2.002803
GGTATGAAAGAACTGA-1,-5.11992,0.109717205
GGTATTGCCGAGTTTA-1,9.928855,6.8875093
GGTCAGTGGGTCCCAC-1,8.481721,9.02632
GGTCCTTCATACGACT-1,7.3405247,0.5712891
GGTCGGTAATTAGACA-1,7.8564835,10.160535
GGTCGGTCGTCCACAG-1,9.461028,4.6983786
GGTCGTAAGCTCGCAC-1,-6.1249666,1.5659239
GGTCTCTGAATGGACT-1,-1.68044,1.7972027
GGTCTTGGTGTTAACT-1,7.3171754,3.2919314
GGTGAACGGGCTAGCC-1,8.018199,10.2664795
GGTGAAGTACAGGGAT-1,6.853572,1.3105019
GGTGAGATGCAGATAA-1,7.873087,7.099701
GGTGATGAAGGAAGTG-1,-2.8469288,-1.5418009
GGTGCGGATAAGTGGC-1,8.514238,8.56918
GGTGCTGATCACAAAG-1,5.368419,0.72677743
GGTGCTGGTACACATT-1,10.243934,3.0949662
GGTTACCACCCTCGGG-1,6.0919747,1.5589316
GGTTAGGCTTGGAGAA-1,8.309196,2.019022
GGTTAGTTACGGCGCC-1,8.101889,2.055412
GGTTCGGATTATACTA-1,-5.3765874,0.87815005
GGTTGTGCTCTTGTCC-1,-2.9648461,-0.9691865
GGTTGTGTAGCCTGGC-1,-3.675054,-0.7079676
GTAAGCGGGCAGTCAG-1,8.016024,9.839756
GTAAGTAGGGTATACC-1,8.20234,3.6895852
GTAATCTGATTCTTCG-1,6.0090427,0.39446637
GTACACTTACCTGAAG-1,8.761156,7.9898796
GTACGACGGCGCTGCG-1,8.070953,5.132085
GTACGAGATTGCGACA-1,8.657872,8.83384
GTACGTTTGCCCGTCA-1,9.314275,8.794226
GTACTCCCTTATCGCT-1,9.3893175,2.750448
GTACTTGGGCACTTCT-1,8.15867,6.3414288
GTAGAAACGGGTGGAG-1,-1.6272993,-0.8941452
GTAGAGGGAGACAAGT-1,-0.5561448,0.57177556
GTAGCGGCTATACACT-1,8.859204,9.616755
GTATAATCTCCCGGAT-1,6.659371,0.02968207
GTATAGGACTCAGTAG-1,8.440215,8.616117
GTATATGTTACGGCGG-1,6.868601,4.8004947
GTATCAGCTTGGGTTC-1,9.04733,6.106347
GTATCGGGACGAGCTG-1,8.77007,6.5397687
GTATCTCAGTCTTGAC-1,-4.6773868,2.8176124
GTATCTTTCATAACCA-1,9.607553,8.4570875
GTATGAAATTTCACTC-1,-3.4509628,3.3092651
GTATTAAGGCGTCTAA-1,8.600293,-0.73532254
GTATTCTGAGAAACGA-1,7.2555237,1.5017867
GTATTCTTACCGTGCT-1,6.8880467,3.7015297
GTCAAAGAAGTGGTGT-1,-3.1638198,2.9146595
GTCAAAGTTTACATAG-1,9.147626,7.549048
GTCACTCTCCAAATCT-1,8.364033,0.97059834
GTCAGAATAGTCTATG-1,9.721881,2.5044258
GTCAGACAGCGTTGGA-1,6.953703,2.9043298
GTCAGTTTGGTAGTCG-1,-2.675293,1.1640644
GTCATCTCCTACAGCT-1,8.759031,1.6711535
GTCATTAGAGCGAACG-1,9.145605,9.3652315
GTCATTGCATTGACCC-1,-2.2314599,-0.35693523
GTCCCAATCATCCCGC-1,-3.4103453,-0.70951426
GTCCGAGAGCAATCAT-1,-3.179359,2.676607
GTCCGGCTGAATTGCG-1,7.8589354,7.86219
GTCCTACAGGCGGCTC-1,9.589979,2.0764031
GTCCTACTCTACGGGC-1,-6.5955076,0.6145215
GTCCTATTGTTGTGGT-1,-3.951762,0.34742227
GTCCTTCTACAACCCA-1,-2.1935186,-0.9380754
GTCGGATATCTCAGAC-1,8.788332,1.3814073
GTCGGGAACATGGTAG-1,-6.4371233,0.029273538
GTCGTACCATCTCGGG-1,8.3787985,9.232708
GTCGTACCTACGATTG-1,-5.3121114,-0.13113041
GTCTACTCAATTACAA-1,-4.829256,1.8303477
GTCTATCTGAGTTTCT-1,9.3689995,2.2972884
GTCTCCTGCCAGTATG-1,-6.7249084,-0.09253298
GTCTGGGCGGTCGAGA-1,6.0168457,0.8339411
GTCTTCCTCACCTAAG-1,-6.241696,-0.021689285
GTGAAGTCACGACTCG-1,-6.223764,1.894116
GTGACTTCAGTAGTGC-1,5.7599716,0.88808286
GTGAGCGTGCTGCACT-1,7.156215,1.7707766
GTGAGTCTAAGACGGA-1,-3.666049,-0.0069896677
GTGAGTGGTACAACGC-1,7.601594,1.9979092
GTGATCATAGATCTGC-1,7.862411,-0.9286492
GTGATTCGCCGCTCAA-1,6.94916,1.2329525
GTGCAACAAATGTGGC-1,8.051978,9.472249
GTGCCATCACACGGTG-1,9.789065,4.0134835
GTGCCGCTTCAAAGGT-1,6.2201414,1.5049446
GTGCCTAGCTATGCTT-1,9.353525,1.3756212
GTGCGAAATCGAACAC-1,6.1716156,1.2437185
GTGCGGGTCTCCAAAT-1,8.17174,8.431502
GTGCTCAAGTACTGTC-1,9.855068,6.9229283
GTGCTGCAGATAAGGA-1,-6.6212864,0.39318818
GTGGACCAACCCGATT-1,-3.1465297,-0.7622947
GTGGACGTGCTGAGAC-1,7.821366,7.4520645
GTGGAGCGTTTACCGA-1,-5.6342797,-0.61770594
GTGGAGTCGGCGGTTG-1,5.566785,1.7692553
GTGGCAAACAGCGGCA-1,-4.783222,0.53163433
GTGGCCTAATATCATT-1,-5.928837,-0.014470684
GTGGCGGTCCCAGCGT-1,-3.4738507,-0.25824457
GTGGGAAGACTGAATC-1,-3.3902655,2.9520721
GTGGGCTTAGACACAC-1,8.192929,4.223267
GTGGGTACTGAGCGTA-1,-4.251028,3.3198977
GTGGGTCTTCTTTGCG-1,7.905537,7.6964874
GTGGTATAGTCTGCCG-1,10.135271,4.212551
GTGGTTTCCGCCTTTC-1,9.971358,3.575583
GTGTGTCGACGTCGCT-1,3.9436264,0.3186654
GTTAATGTCTATCTTA-1,-3.9573,1.1428378
GTTACAATTGGTGACG-1,9.60475,6.1611323
GTTACCTACAACTTGC-1,8.980947,9.438516
GTTACTTTGGGCCTAG-1,10.124048,3.9345953
GTTAGGCTACCCGTTT-1,-3.9343498,2.2957284
GTTATATTATCTCCCT-1,7.6150746,1.5004991
GTTATTAACGTGGGAG-1,1.6861012,0.21842499
GTTCAAATCAGATGTC-1,-0.609545,-0.7420669
GTTCACAGGAGTCTAG-1,9.7505665,2.6476598
GTTCCAGTCTGACCAT-1,8.2770405,9.594932
GTTCGCCATAAGTGCC-1,9.449623,6.3916583
GTTCGGTGTGGATTTA-1,7.9095855,3.414618
GTTCTTCCCTCGATGT-1,7.688783,9.566685
GTTGAACCGGTTCCAT-1,9.937096,2.4517536
GTTGCACGGAGTTTCG-1,7.32444,6.679552
GTTGGATTTGCGTTGG-1,9.185187,7.0534334
GTTGTCGTGTTAGTTG-1,8.084966,9.252956
GTTTACGTTCCATCTG-1,8.534234,8.450289
GTTTATGGGATTTAGA-1,-2.6055853,-1.5207456
GTTTCATATCGTCGCT-1,0.3427899,0.40097338
GTTTCCTGGAGGGTGA-1,7.2670693,6.7218194
GTTTGACCAAATCCTA-1,9.821198,8.469451
GTTTGGCCGCTCAGCG-1,8.947666,7.995393
GTTTGGTAGGGTCAAC-1,9.01474,4.8567467
GTTTGTTAGCCAAGTA-1,-4.8216577,2.0042088
TAAACCCAGGAGGGCA-1,4.2670636,1.2641276
TAAACGTCGTCAATGA-1,-0.53009063,-0.6612582
TAAATGAATCCGTTTC-1,8.28331,-1.1569862
TAACAAAGGGAGAAGC-1,9.491189,6.1050034
TAACAATATTTGTTGC-1,-4.6269717,0.45738488
TAACATACAATGTGGG-1,9.388872,9.303928
TAACATACACGCGATC-1,-2.1117923,2.6082835
TAACGCTTTGAGAGCG-1,9.023454,1.1585088
TAACTATCGAAGGTCC-1,9.446807,3.4346745
TAACTCATCCGCGCGG-1,6.7446194,0.8049402
TAACTCCATGGAGGCT-1,8.5952835,-0.613779
TAAGAGGGACAGGGAC-1,-2.554272,0.56421965
TAAGCAGGCGACACGC-1,-1.9255697,-0.31501764
TAAGGAACTTGTGGGA-1,8.3715725,8.303383
TAAGGGCTGGGAGAGG-1,-1.5145684,-0.32443532
TAAGTAACATCTTGAC-1,7.0478053,1.365942
TAAGTCGCCGAGTATC-1,-2.4636154,2.6041887
TAATACACAGTAGTAT-1,7.5704465,9.676133
TAATAGAACAGAGTTA-1,6.4934072,2.8270326
TAATAGGTCACCAGAA-1,-2.3403056,2.9240358
TAATATTGAAATTCGC-1,8.489202,10.015415
TAATGAAAGACCCTTG-1,-1.6569622,-0.9499367
TAATTAGATGGATATG-1,7.647353,9.800908
TAATTTCCGTCCAGTA-1,-4.339969,-0.8895766
TACAACGCACAACTCA-1,9.036857,0.09156156
TACAAGTCTCGTGCAT-1,8.663327,-0.5774607
TACATAGGCATACACC-1,9.682709,7.1031303
TACATCCCTATCCCTG-1,-4.4112487,1.1371683
TACATCTTGTTTCTTG-1,3.8868768,0.22387841
TACATGACCTTATCCG-1,-3.967323,-0.84744453
TACATTTCTAACGTGC-1,9.725758,6.060033
TACCAGAAGTAGGTTC-1,5.6199307,0.87977743
TACCGGCTCACTGCCC-1,10.139874,8.368743
TACCGGTCGTTTCCAT-1,10.113597,3.422306
TACCGTAGGTTAACTA-1,8.344358,6.7270617
TACCTATCCCTAGAGG-1,-6.4664574,0.25804415
TACCTCACGCTTGTAC-1,8.090571,9.979186
TACCTGCTGCACTGTG-1,4.8003597,0.679635
TACCTTAAGATTTCCC-1,-4.719558,1.0548673
TACGAACACGACTTCA-1,8.789381,6.7809796
TACGACGCTTGCTGCG-1,7.002559,0.497222
TACGACTGCCTCTTAG-1,9.073881,8.734319
TACGAGAACTTCACGT-1,10.164792,4.051463
TACGATGTTGATCATC-1,9.502245,1.4733168
TACGCAGTTCTTTCCT-1,10.025772,3.8080173
TACGCCATATTCTAAT-1,9.518714,6.138611
TACGCCGAGGGTACCC-1,-1.9758348,2.0399678
TACGTGCACTATGCTG-1,8.407886,5.7345996
TACGTTTACCGGCAAT-1,8.763704,2.3666499
TACTATGGTTCCTCAG-1,9.424212,4.766662
TACTCACAACGTAGTA-1,6.9098773,3.8636703
TACTCGGCACGCCGGG-1,-3.078778,-0.95555574
TACTGAACAGATTTAG-1,9.725446,4.3720427
TACTGAGGGAAGAAAG-1,-4.002278,2.550007
TACTGGACAGCTCGGC-1,7.287472,4.619909
TACTTTCCGCACGCCA-1,-4.9194508,1.4548589
TAGAAACACAATAGTG-1,4.5769267,0.001244278
TAGAAATTCACGTATA-1,-6.889368,0.720323
TAGAACGCCAGTAACG-1,7.874423,4.3364863
TAGAGATCATGCAACT-1,-4.1637673,0.49539554
TAGAGTCTAAGCGAAC-1,8.767738,8.153396
TAGATATGGACTGGAA-1,5.212416,0.77477497
TAGATTCCTGGTTATT-1,-0.6612385,0.21651255
TAGCAACCTGTCACAA-1,9.382218,1.0805675
TAGCCAGAGGGTCCGG-1,6.9365673,3.0491526
TAGCGTCGAATATTGA-1,-5.6449337,-0.12899819
TAGCGTTGGGTCTTAC-1,8.703846,9.195531
TAGCTAGAAGGCATGA-1,6.3098626,0.67442775
TAGCTCGCCTGATAAC-1,8.007821,-1.0578791
TAGCTGATGTGAAGCG-1,-6.4256334,1.2535934
TAGGCGATGAGGTCTC-1,-5.4795775,-0.14758927
TAGGCGGCTGCAAAGA-1,-3.2715104,3.6192465
TAGGGTGTTTCAAGAG-1,7.4724603,7.5829825
TAGGTCCAAGTAAGGA-1,5.258136,1.0102147
TAGGTGAGCCCTACTC-1,8.916185,0.120796196
TAGGTTCGAGTTCGTC-1,8.798796,9.749777
TAGTACCACAACTTTC-1,-2.9293244,2.9755268
TAGTACCTTAGTGGTC-1,9.1627245,1.0998791
TAGTCCGCAGAGAATG-1,7.7744,6.758829
TAGTCCGTATGCATAA-1,9.679771,1.7422435
TAGTCGGGATTCTTCG-1,6.3878884,1.0280367
TAGTCTAACAACGAGA-1,7.8547583,1.8038443
TAGTGCCCTCCAGAGT-1,8.752502,7.0518064
TAGTGCTTGAATCCTT-1,7.7707663,0.067352474
TAGTGTCAGAAACGGC-1,6.918554,1.4560195
TATAAATCCACAAGCT-1,7.9090376,7.082338
TATAAGTGAGGATAGC-1,7.473743,7.9952784
TATACACAGACGCCTT-1,8.018621,2.7196002
TATACACGCAAAGTAT-1,9.702743,7.4200163
TATACTCATGCGGCAA-1,6.9546547,0.48504952
TATAGCGCACGTTATC-1,-3.4575737,3.4201832
TATAGGGTACTCATGA-1,-0.13909994,-0.29912105
TATATATCGAGAAATG-1,-2.2720726,3.3745804
TATATCATTGATCAGT-1,-6.6193795,0.8614997
TATATGCTGGGTTGCC-1,-3.6740906,-1.2029512
TATCAAAGGTCTGTAA-1,-2.2588944,-0.7506446
TATCAGTGGCGTAGTC-1,-6.6609974,-0.3362791
TATCCATATCATGCGA-1,8.575143,8.612449
TATCCATCTCGGTTAG-1,-3.6918004,2.3053463
TATCCGCACCGTCGGG-1,8.704733,6.2087054
TATCGATGATTAAACG-1,7.4718194,7.246363
TATCTACAGAGGTAAT-1,9.7110815,2.3066149
TATCTACCACAGCGGG-1,9.707209,7.033596
TATCTAGCCTAAAGGA-1,-2.7756205,-0.602032
TATCTGAGCCGATATT-1,-3.9255316,3.108029
TATCTTGCAATACAAC-1,-3.9183235,2.5706546
TATGAAGACAGGTGCG-1,0.699139,0.17449757
TATGACCTTGCGCTGG-1,-3.9643078,3.325734
TATGGATGTGCTACGC-1,-2.3934805,3.3046083
TATGGCCCGGCCTCGC-1,8.347144,0.06455077
TATGGGACCGAGCAGG-1,9.878653,7.8475313
TATGGGTACGTATCGT-1,9.44427,7.644801
TATGGTCTGAGTAACA-1,9.015531,7.4112186
TATGTAGAAACCCGGC-1,-4.5591774,2.1599314
TATTAACACCAAAGCA-1,-6.158436,0.82734257
TATTATGTTTGCCTGC-1,-3.9485457,2.2985644
TATTCCACTCAGCTCG-1,7.5364633,1.7119803
TATTCCTCCGCCCACT-1,0.22838429,0.55979663
TATTCGTGCCAGAATA-1,8.199858,7.063432
TATTTAGTCTAGATCG-1,7.5911193,9.392993
TATTTGTTACCCTTTA-1,7.759002,7.7860274
TCAAAGAGCTATCTGT-1,-4.81452,2.8211854
TCAACAAAGATAATTC-1,-1.5226296,-0.17594753
TCAACACATTGGGTAA-1,8.353808,9.780959
TCAACATCGACCGAGA-1,-3.6716208,1.6446271
TCAACCATGTTCGGGC-1,6.8710437,4.9454913
TCAACGAGGAGACAAA-1,7.1034894,3.1393514
TCAACGCAGGAAATAA-1,-1.7775948,0.5526599
TCAACGCGACCGGCAG-1,-1.2495667,-0.3109836
TCAACTAACGTATAAC-1,0.074269,0.06761929
TCAATACAATTGCTGC-1,-2.7885666,-1.2820019
TCACAGATCCTCAAAC-1,8.187113,-1.5612218
TCACAGCAAACTCGAA-1,5.9158063,0.57572263
TCACAGGAGAATAAGA-1,9.433353,3.2949
TCACAGGTTATTGGGC-1,9.635025,6.758321
TCACATCTTATCTGAT-1,1.273028,0.20374493
TCACCCTCTTAAGATT-1,7.5885286,2.753279
TCACGATGTCCGTGGA-1,-5.222611,-0.08963418
TCACGCATTGTAGATC-1,8.153774,7.895761
TCACGGTCATCGCACA-1,7.4783597,7.6874104
TCACGTGCCCGATTCA-1,9.736518,7.9396443
TCACTCTTCGTCTGTC-1,-0.97326076,-0.9823341
TCAGGGCGACTTCCTT-1,-3.271519,-1.0045129
TCAGGGCGCAAACTCG-1,0.5081132,0.034055505
TCAGGTTCTTTGAGAA-1,9.607663,7.861099
TCAGTACTGACCCGCG-1,8.271875,2.9545875
TCAGTAGGGACTATAA-1,5.468359,0.86394906
TCATACTTACAGATCC-1,7.941759,1.640147
TCATCACTCGAGCTCG-1,8.134827,4.119373
TCATCGATGGTCCCAA-1,-3.9195018,1.2287828
TCCAACTTTAAATTCT-1,9.446508,1.5922651
TCCACAATGGTTTACG-1,8.236815,2.5113847
TCCAGAGCACCGGTTC-1,9.055758,9.034738
TCCAGGCGAGTACGGT-1,9.793567,7.8784547
TCCATCAATACTAATC-1,-3.1869042,3.459556
TCCCAGCTTTAGTCTG-1,9.196075,7.6005745
TCCCAGGCTTAGCTAA-1,9.350186,6.61016
TCCCGGGTGTGCTGCT-1,9.894479,3.1611192
TCCCTGGCGTATTAAC-1,-3.461725,2.7031555
TCCCTGGCTCGCTGGA-1,9.226221,5.680784
TCCGAACTTGGCTTAC-1,-2.0823336,0.123383515
TCCGATAATTGCCATA-1,7.921986,9.187622
TCCGATGGTGCGACAT-1,-2.139678,2.7364886
TCCGATTACATTGCCG-1,10.04164,2.782312
TCCGCAGCCACCTAGC-1,5.8199334,0.98229176
TCCGCTTATCCCATTA-1,9.756169,7.9981675
TCCGGTTCGTCCGGTC-1,7.0604877,4.3681426
TCCGTAACCACAATCC-1,0.35936597,0.18720937
TCCTAGCAAAGAAGCT-1,9.949422,2.9721112
TCCTCCTAAGACATTC-1,-5.0404124,0.92736757
TCCTCTACGAGATGGC-1,9.01854,2.742525
TCCTCTCCAGTTGTCC-1,0.13708897,-0.0747142
TCCTGCGTTGATACTC-1,9.180471,2.7055676
TCCTTCAATCCCTACG-1,-6.2397003,-0.16585386
TCGAAATTTAGGACCA-1,9.071545,7.2115703
TCGAATATCCCGCAGG-1,-2.6080158,2.0138593
TCGACAACTGAACCCG-1,-5.775528,-0.6605677
TCGAGACCAACACCGT-1,9.268227,6.816645
TCGAGCCAGGCAGGCC-1,6.705762,4.261397
TCGAGTCTACGATTCG-1,-6.0071573,2.1898649
TCGCACTAACGTTTGT-1,6.9954906,0.18660754
TCGCATCCCTAAGTGT-1,8.604458,7.231498
TCGCCCACTGCGAGAG-1,-6.6075816,0.39932364
TCGCCGAAGTTGCGTC-1,9.830082,2.870546
TCGCCGCACCGCGTGA-1,-4.978376,2.9170449
TCGCCGGAGAGTCTTA-1,6.844769,4.6841793
TCGCCGGATGGGCAAG-1,-2.386675,-0.89232624
TCGCCGGTCGATCCGT-1,8.480579,9.374217
TCGCCTCGACCTGTTG-1,8.405739,4.320223
TCGCGTCCAGAAGGTC-1,10.116769,3.7744272
TCGCTGTGCGTAAATC-1,8.449021,7.766416
TCGGAATGCGCTCTGA-1,9.635992,1.6547006
TCGGAGAGTATCGGGA-1,-4.505426,-0.78931516
TCGGCGTACTGCACAA-1,-6.334895,1.7138048
TCGGGATTCAAACATA-1,-4.9868298,0.4520915
TCGGTCCCGACAATAG-1,-2.644128,3.190127
TCGTATTACCCATTGC-1,0.03201266,0.09275253
TCGTCAAGTACGCGCA-1,6.657749,4.0557146
TCGTCACACTGTTAGC-1,-1.0092517,-0.18051258
TCGTCCGCTGGCGTCT-1,8.664219,7.5806794
TCGTGTCACGCTGACA-1,-7.099188,0.7506722
TCGTTAGGAGTCCCTA-1,7.824655,0.5726509
TCGTTGACAGGGTCCC-1,-4.0699143,1.6348529
TCGTTGCTATCCGGTC-1,9.271921,3.802161
TCGTTGGCTCGTCAAT-1,7.684839,9.832615
TCTAAAGAACAGTCTC-1,-5.7007017,-0.035994425
TCTAACTGTATGTAAA-1,-4.4974475,-0.1472027
TCTAATACTGCCTCAG-1,-2.691706,3.5354667
TCTAGCAATCTCCGCC-1,-3.5174863,0.41463563
TCTAGCATCTTCGATG-1,8.267157,7.4241743
TCTAGTTATCAGAAGA-1,9.447863,7.9925404
TCTATCATGCAGTTAC-1,7.37538,6.54968
TCTATCGGTCGCAACA-1,8.199023,8.700135
TCTATTACGCTGGCGA-1,7.6666985,8.831152
TCTATTACTAGAGGAT-1,-6.043787,0.7913649
TCTCGGCTCCAGGACT-1,6.958607,3.089741
TCTCGTGTTACGAGGA-1,-4.017435,1.9314663
TCTCTAATAGCTGGTA-1,9.091117,8.332213
TCTGAACCGGTCGGCT-1,8.4740505,9.129677
TCTGACTGTAATGGTT-1,7.9519,2.5384932
TCTGCAGATTCGAGTC-1,-2.9907217,-0.90344214
TCTGCGTCCGGTTTCT-1,8.526119,-0.81330067
TCTGGCGCAAGCCGGG-1,-5.3059635,0.23716304
TCTGGGTAGCGCTCAT-1,9.788296,5.0564723
TCTGTTACCCAGCATA-1,4.178932,1.1721985
TCTTAACTCGGATGTA-1,4.266337,0.100576796
TCTTACAGAGGTACCG-1,8.732947,8.94228
TCTTACGGCATCCGAC-1,8.965026,0.78318554
TCTTGGTAACACCAAA-1,8.438815,3.3962214
TCTTTCGGCGGGACAC-1,6.7502394,4.224237
TGAACACCCGAAGCAG-1,6.881164,4.913772
TGAACTGCTATGACTT-1,-5.642593,-0.38539088
TGAAGAGCGGTCCTAG-1,-1.2243345,-1.0473926
TGAAGTAGCTTACGGA-1,3.7974849,0.40172327
TGAATTTCACTTGCCT-1,-6.2091894,1.40947
TGACAGGACAAGTCCA-1,-3.7545333,-1.1714163
TGACATATATGACGAT-1,-5.288984,-0.9376164
TGACCCACGTTAGACA-1,9.84218,6.6210513
TGACGAATATTTCCCT-1,-5.9370055,1.8905233
TGACTATAATCCTTTC-1,9.788432,8.4794035
TGACTCCGAATCATAC-1,-2.8309996,2.6895378
TGAGAATGCTTTACCG-1,7.822587,7.250691
TGAGACGTACCTCTCA-1,-6.4560704,1.0142599
TGAGCCATACAGTCTC-1,9.749802,2.5010765
TGAGGAGTGCCAGCTT-1,9.142498,7.145392
TGAGGCATGTACTGTG-1,-5.874953,-0.70085454
TGAGTAAATTAGCGTA-1,7.5609074,1.7439443
TGAGTGCCTCTTAAAT-1,7.655501,1.418674
TGATACATTTAGCCGT-1,9.521067,4.758145
TGATAGCGGGATTCTA-1,-2.9753306,0.2069022
TGATCAGGGAACTGCT-1,-5.2243786,0.824914
TGATCGGTTTGACCCT-1,7.816981,8.118867
TGATCTATCACACTCT-1,7.660764,10.113496
TGATCTCCGGCGCCAG-1,8.132235,7.3024
TGATGGGACTAAGTCA-1,6.9892926,3.502975
TGATTCAGGTCCCGCG-1,-5.020297,2.6000884
TGATTCGTCTATCACT-1,7.9445076,4.3260846
TGATTCTGTCGCCGGT-1,6.1290936,1.2128605
TGATTTATTAGCTGTG-1,9.596045,5.521845
TGATTTCCTCCTGACG-1,7.9754677,6.903703
TGCAAGAATGACGTAA-1,8.959779,8.443328
TGCACTATGTGAGTGC-1,3.6153908,0.3550855
TGCAGAACTATATCGT-1,-4.2867413,-0.20383695
TGCAGAGTACCGAGCA-1,9.312782,3.2152028
TGCAGATCGTCCTAGG-1,-4.179944,0.50410897
TGCAGCTACGTACTTC-1,-5.356013,1.767657
TGCATGGATCGGATCT-1,7.6404533,9.903339
TGCCAAAGTCAGACTT-1,-5.2616715,1.1391251
TGCCAATGGGTACTCT-1,7.1199937,3.6457784
TGCCACACTAGAGGAA-1,-2.9575877,1.994158
TGCCGTTCTTAATCGG-1,-6.4968686,1.0328785
TGCCTGACATCGGTCA-1,9.178908,0.4976083
TGCGAATATGGGATTT-1,-3.7490847,2.942877
TGCGACACCCTAGTGC-1,5.2081094,0.79949796
TGCGAGAAACGTTACG-1,6.9640083,4.7710066
TGCGAGAATATTACCC-1,7.00015,0.45293844
TGCGATGCTAATGGCT-1,-0.885197,-0.17481713
TGCGCGATTAACGGAG-1,8.348721,6.9132786
TGCGTAAGAACCTGAT-1,10.228553,3.4906747
TGCGTCATGACTGAGC-1,-5.9531875,2.4901826
TGCGTGATTGGGTGTC-1,8.287021,-1.4660274
TGCTGGTTGGACAATT-1,7.809808,7.5289803
TGCTGTTGAAGAACTC-1,9.509531,9.252207
TGCTTGAAACCATGCA-1,7.909574,-0.5996631
TGGAAACGGAGTGAAC-1,7.670916,2.047145
TGGAAGAAGGGAACGT-1,8.949196,3.3731234
TGGAAGACGAACACCA-1,8.276078,9.560925
TGGAAGGATAAAGATG-1,7.63423,8.941147
TGGAATTAGACGCTTT-1,-1.7875698,-0.99785554
TGGACACCGTTGCTTG-1,-2.4887254,-0.8785725
TGGACCACGGCGTTGA-1,7.5902495,2.6924045
TGGACGCAATCCAGCC-1,-4.6725616,3.1416874
TGGACGTAGGCGAATC-1,8.3704405,-1.0124538
TGGAGTGATGCGATGA-1,9.281115,6.705903
TGGATAGAGTAACAGA-1,8.233973,-0.8956014
TGGCAGATTACGATCA-1,7.759117,2.2475677
TGGCAGCAGTAATAGT-1,9.033243,8.526529
TGGCATGAAGTTTGGG-1,-6.698429,-0.28349358
TGGCCAATTTGGTACT-1,-6.8991394,1.3098186
TGGCCGTATATTGACC-1,9.608702,5.8551097
TGGCGACTGCTCCAAA-1,9.121393,3.8542738
TGGCGATCAAGTTATG-1,7.4196877,0.5786453
TGGCTCTTGTCGCGTA-1,-6.097816,1.48516
TGGCTTATGTATAATG-1,-6.0480785,2.283727
TGGCTTTGGGTAGACA-1,7.6692457,7.8912864
TGGGAAATGCCTTTCC-1,8.7209835,1.4836158
TGGGACCATTGGGAGT-1,8.533308,-0.990074
TGGGCCTTGCCTGCAT-1,8.054679,-0.8546624
TGGGTTCCCGGACGGA-1,4.2102294,0.067382164
TGGTAAGCAGGATTGA-1,-4.6425896,2.809434
TGGTCGTGCAAGGCAA-1,-6.555995,-0.050628245
TGGTCTAGCTTACATG-1,-1.3137794,-1.1567774
TGGTCTGTTGGGCGTA-1,9.459002,3.287692
TGGTGATCGTATTTGT-1,-3.030338,-0.85532737
TGGTGTGACAGACGAT-1,7.8479285,9.758583
TGGTTAACTTACATTT-1,-5.865913,-0.4697235
TGGTTATGCTTGCGGT-1,-2.5796697,-1.2459943
TGGTTCGTAGCAAAGG-1,8.744121,8.617425
TGTAATGACCACAATA-1,-6.4799953,0.18704417
TGTACGAACAAATCCG-1,8.569532,8.005621
TGTAGTGATCTATAAT-1,10.094965,3.1579833
TGTCCGTGGCGCCTTT-1,-2.9498644,-0.8352271
TGTCCTAAGTCACCGC-1,9.847535,4.566205
TGTCGGCATGGTGGAA-1,6.542296,3.3338077
TGTCGTTATCACATAT-1,-4.278382,1.9412606
TGTGCCAGAGGCAAAG-1,-6.0423355,1.9912074
TGTGCTTTACGTAAGA-1,-3.1822963,-0.9036283
TGTGTCGAAGTCGAGG-1,-6.6770906,0.6664909
TGTGTCGCGAGTTGCA-1,8.833169,5.438238
TGTGTGACCATGAATC-1,-2.8479078,3.5171556
TGTGTTCGTATCCAAG-1,3.6409113,0.6704018
TGTTCATAAATGTGCT-1,-1.5987215,-0.4666531
TGTTCCGCTTCCATGA-1,8.321784,2.686595
TGTTCGTATTGCGGTG-1,9.424242,8.024444
TGTTCTTCCATTGACT-1,9.033399,6.490622
TGTTTCGGTACTTCTC-1,7.742885,9.187954
TGTTTCTGAAGCGTGC-1,-4.0430846,2.9494517
TTAAACAGAGTCCCGC-1,8.490493,6.621939
TTAAACCTGGTTCCTT-1,-3.419743,-0.4860007
TTAACACCTCGAACAT-1,7.0882483,1.3857191
TTAACCAACCCTCCCT-1,7.362091,6.138722
TTAACGTTAAAGCCTG-1,-6.4754667,0.0015630656
TTAACTCACGCGTGGA-1,-2.5271482,-1.0598812
TTAACTTCAGGTAGGA-1,-5.1547103,1.0290027
TTAAGCGCCTGACCCA-1,8.985992,6.7594075
TTAAGGCCCGTACTTT-1,-3.2645698,2.8935137
TTAATGTGTTTGCAGG-1,9.24219,1.1526998
TTAATTTCAGACGCGG-1,7.6996107,10.039825
TTACAACTACGCATCC-1,6.8135233,4.7991085
TTACATCGTGGCCTGG-1,8.776285,6.57718
TTACCATTGATTACCC-1,8.0236,1.4832398
TTACCCTAACAGTCCT-1,8.09277,-0.6212478
TTACCCTAGGGATTGG-1,9.309251,7.885592
TTACCGCCTTAGGGAA-1,7.9714537,-0.75200075
TTACTATCGGCTTCTC-1,-3.2302973,-1.1195196
TTACTCTGGTACGTAC-1,4.891857,0.84615976
TTACTGGGATATTTCA-1,6.83771,0.7167082
TTAGAGGGATATACAG-1,-3.05779,3.3487246
TTAGATAGGTCGATAC-1,8.123994,-1.4779809
TTAGCAACATGGATGT-1,8.298855,-1.5007519
TTAGCTCTGTAATCCG-1,-4.106037,1.2070068
TTAGGTCATAACCGAC-1,9.916567,4.902346
TTAGTAGGGCGGCGGG-1,9.159569,6.055413
TTATCCAATCGAACTC-1,8.148237,8.939883
TTATCCTCAAGGAATA-1,-4.866734,0.22139654
TTATCGCCTGCGAAGC-1,-2.1274805,-0.3810173
TTATCTGACATTAGGA-1,-5.79601,2.5132306
TTATCTGTATCATAAC-1,7.9975634,9.369455
TTATGAATGAAAGGGA-1,9.892607,8.276597
TTATGACAAACTGGAT-1,8.577722,3.538149
TTATGTTTGCGATAGA-1,3.0663295,0.394357
TTATTAGGGAAGCATC-1,7.8017435,9.907102
TTCAACGACCCGACCG-1,7.7708597,7.820073
TTCACGAAAGGATCAC-1,9.509669,6.3992696
TTCAGAGTAACCTGAC-1,6.9849186,5.0854883
TTCAGGCGTCAAAGCC-1,-4.2651496,1.426084
TTCAGTTTGTGGCAGC-1,-0.5361376,0.06303943
TTCATAGCCTTGTAAC-1,8.101851,-1.2228836
TTCATAGGGTGTCCAT-1,4.2970285,0.10564599
TTCCAATCTGGCTATC-1,5.002737,0.82046944
TTCCACACAGATTTGA-1,5.953425,0.86776876
TTCCCGGCGCCAATAG-1,-3.7714446,3.3008626
TTCCGCGTGAGGCGAT-1,9.12341,8.91342
TTCCGGCCTTGAGGCT-1,8.716475,5.5819535
TTCCTCGAGGGTGTCT-1,8.010312,7.6274734
TTCCTCTGCCCGAATA-1,-3.290232,-0.3114946
TTCCTTTCTGTGTTGC-1,8.157301,4.844502
TTCGACGGGAAGGGCG-1,8.671927,7.4776735
TTCGCACTCGCGTGCT-1,7.422701,6.7173967
TTCGCATCCGGAAGCA-1,7.1066794,2.2104044
TTCGCCGCTCGCGCTA-1,-5.517001,-0.84207904
TTCGGCTAGAGATGGT-1,9.712528,1.3996214
TTCGGGCGCTAGTCTT-1,4.3084497,1.3057799
TTCGTACTCCAGAACG-1,9.043329,2.8597577
TTCTACTTGCGAGGGC-1,7.8220177,2.3295493
TTCTAGGCCAATTGTG-1,7.328245,9.3962345
TTCTCTTACAGGTGAT-1,-4.798982,3.1117504
TTCTGCGAGCGCCCTT-1,-1.4989153,-0.32185274
TTCTGTTTCCTGTCGC-1,-2.126211,-0.3799904
TTCTTAGTGAACGGTG-1,8.534879,6.723445
TTCTTAGTGGCTCAGA-1,8.067147,8.5265045
TTCTTGAGCCGCGCTA-1,9.488179,1.527217
TTCTTGGACGATCTGC-1,-1.8064604,-0.21561754
TTCTTGTAACCTAATG-1,8.187178,4.061511
TTCTTGTGTCCATCAG-1,-4.4232874,-0.8357769
TTGAACGAATCCTTTG-1,8.534981,0.2753721
TTGAAGAATTCCCAGG-1,8.882887,7.7810864
TTGAAGGATGGGCGCC-1,-6.5311713,1.6239429
TTGAATCGTTGTATAA-1,-5.8779674,1.7550145
TTGACATGAACGTGGA-1,7.9926057,1.9876214
TTGACCGTGTTAATGA-1,-0.89582413,1.0059907
TTGACTACCATATGGT-1,10.050245,3.077383
TTGAGAGTACTGCTAA-1,8.729638,2.1624506
TTGATCTAACTTTGTC-1,9.963441,7.375841
TTGATTAGCTGTTTCT-1,4.183424,0.79966563
TTGATTATGCAGATGA-1,8.668194,1.8669046
TTGCACAATTCAGAAA-1,7.150825,2.495027
TTGCACGGAGCAGCAC-1,8.324813,9.347276
TTGCATGCTGATCACG-1,9.349343,3.0568857
TTGCCATAGCCCGCTC-1,-2.9448695,3.613941
TTGCCCTGATCACGGG-1,9.736579,3.2012322
TTGCCGCAGACCTACA-1,-2.7165275,2.9904213
TTGCGCTCTCTCGCTT-1,-1.7781479,-1.1926314
TTGCGGCATCAGAAAG-1,6.0535336,0.37570256
TTGCGTAGTTTGAGGA-1,0.7919356,0.015019266
TTGCGTCGGCCAACCG-1,9.647343,4.1037674
TTGCTGAAGGAACCAC-1,8.127944,8.046978
TTGCTGATCATGTTCG-1,9.536126,8.330544
TTGCTGCACCTATCCA-1,6.5998673,1.2339602
TTGGAAGAATACAGTC-1,-5.901744,1.9272821
TTGGACATGTGGCTTA-1,-0.9141846,-0.60460347
TTGGATATCGTCTACG-1,5.614542,0.5747891
TTGGATTGGGTACCAC-1,8.455265,8.521065
TTGGCCATCTTGCGCT-1,8.011982,0.058522213
TTGGCTCGCATGAGAC-1,8.59329,6.0640473
TTGGTCACACTCGTAA-1,5.578382,0.6752329
TTGGTTGCGGTGCGCG-1,-2.95012,3.616075
TTGTAAGGACCTAAGT-1,4.322104,0.88898796
TTGTAATCCGTACTCG-1,9.525903,6.8230705
TTGTACACCTCGAACA-1,-3.7866464,3.3927646
TTGTCACCGCGGTATC-1,-5.4630504,-0.385604
TTGTCGTTCAGTTACC-1,8.596146,9.506052
TTGTGAGGCATGACGC-1,-5.5719166,0.15292765
TTGTGGCCCTGACAGT-1,8.372896,9.780745
TTGTGGTAGGAGGGAT-1,-5.6044617,0.2201419
TTGTGTTTCCCGAAAG-1,8.021439,2.0411804
TTGTTAGCAAATTCGA-1,7.5038395,6.2348633
TTGTTCTAGATACGCT-1,-0.7361394,-0.8628792
TTGTTTCATTAGTCTA-1,-2.351933,3.2334101
TTGTTTCCATACAACT-1,-3.5727026,-0.5753353
