Barcode,Cluster
AAACACCAATAACTGC-1,1
AAACAGCTTTCAGAAG-1,1
AAACAGGGTCTATATT-1,1
AAACCGGGTAGGTACC-1,1
AAACCGTTCGTCCAGG-1,2
AAACCTCATGAAGTTG-1,1
AAACGAAGATGGAGTA-1,1
AAACTGCTGGCTCCAA-1,3
AAACTTAATTGCACGC-1,1
AAACTTGCAAACGTAT-1,1
AAAGAATGACCTTAGA-1,1
AAAGACTGGGCGCTTT-1,1
AAAGGCTCTCGCGCCG-1,2
AAAGGGCAGCTTGAAT-1,2
AAAGTAGCATTGCTCA-1,1
AAAGTCGACCCTCAGT-1,1
AAATCGCGGAAGGAGT-1,1
AAATCGTGTACCACAA-1,2
AAATGCTCGTTACGTT-1,5
AAATGGCCCGTGCCCT-1,1
AAATGGTCAATGTGCC-1,3
AAATGTATCTTATCCC-1,1
AAATTAACGGGTAGCT-1,3
AAATTAATAAGCGCGA-1,1
AAATTGATAGTCCTTT-1,1
AAATTGCGGCGGTTCT-1,3
AAATTTGCGGGTGTGG-1,4
AACAACTGGTAGTTGC-1,3
AACAATTACTCTACGC-1,2
AACACGAGACGCGGCC-1,1
AACAGCTGTGTGGCAA-1,1
AACAGGATGGGCCGCG-1,2
AACATTGGTCAGCCGT-1,3
AACCAAGACTTCTCTG-1,4
AACCATAGGGTTGAAC-1,1
AACCATGGGATCGCTA-1,3
AACCCAGAGACGGAGA-1,3
AACCCATCCCATGATC-1,1
AACGAAAGTCGTCCCA-1,1
AACGATAGAAGGGCCG-1,3
AACGCGAACGGCAACA-1,2
AACGCGGTCTCCAGCC-1,3
AACGGCCATCTCCGGT-1,4
AACGTACTGTGGGTAC-1,4
AACGTCAGACTAGTGG-1,2
AACGTTATCAGCACCT-1,1
AACTCAAGTTAATTGC-1,2
AACTCGATAAACACGT-1,2
AACTCGATGGCGCAGT-1,3
AACTCTCAGTGTGCTC-1,2
AACTGATATTAGGCCT-1,3
AACTGGGTCCCGACGT-1,3
AACTTCTGCGTCTATC-1,2
AACTTGCCCGTATGCA-1,2
AACTTGCGTTCTCGCG-1,5
AACTTTACGGGAGCTT-1,1
AAGAAGGATCAGTTAG-1,2
AAGACCAAATAACTCA-1,1
AAGACCCAACTGAACA-1,2
AAGACTGCAAGCTACT-1,3
AAGAGATGAATCGGTA-1,5
AAGAGGATGTACGCGA-1,4
AAGCGTCCCTCATCGA-1,1
AAGGAGCGGTTGGTGC-1,3
AAGGCGCGTAAAGCTT-1,2
AAGGCTGTGCTCATCG-1,3
AAGGGACTATGCATTC-1,1
AAGTAGAAGACCGGGT-1,3
AAGTAGTGACGCGAGG-1,2
AAGTCTTCTGTGGCCT-1,1
AAGTGACGACCGAATT-1,1
AAGTGCAAAGGTAGAC-1,1
AAGTGCGTTAGAATCT-1,1
AAGTTCGGCCAACAGG-1,4
AATAACAACGCTCGGC-1,2
AATAACACTAGAACAA-1,4
AATAATCTTCGTATCG-1,3
AATACAATGTTTCAGG-1,4
AATAGAACAGAGTGGC-1,4
AATAGTCCGTCCCGAC-1,3
AATAGTCGCGAGTCGG-1,1
AATATCCTAGCAAACT-1,1
AATATTGGAGTATTGA-1,1
AATCCATGCAAGGGTG-1,3
AATCTAGGTTTACTTG-1,1
AATCTCTACTGTGGTT-1,1
AATCTGGCTTTCTAGT-1,1
AATGACAGCAATGTCT-1,1
AATGACTGTCAGCCGG-1,3
AATGAGTTCGCATATG-1,5
AATGGTCCACCGTTCA-1,1
AATGGTTCTCACAAGC-1,3
AATGTATGGCACTGTA-1,1
AATGTGCCCGAGGTGT-1,1
AATTAAAGGTCGGCGT-1,2
AATTACGAGACCCATC-1,1
AATTACTCGTACGCTC-1,5
AATTCATTGTCATGCA-1,1
AATTCCAACTTGGTGA-1,3
AATTCTAGAGTTAGGC-1,3
ACAAACCATGCGTCCT-1,1
ACAAAGAAGGTAGGCC-1,1
ACAACGGTCCCTGCGA-1,2
ACAAGCAGTGCCTAGC-1,2
ACAAGCTATATGGAAG-1,1
ACAAGGACAAGAGGTT-1,2
ACAATAGTCGTACGTT-1,1
ACAATCCATTTAAACC-1,2
ACAATGAATACGGAGA-1,1
ACAATTTAGGAGGCTC-1,1
ACACATGATCAAATCT-1,1
ACACATTGACGCAACA-1,5
ACACCCAGCATGCAGC-1,3
ACACCCGAGAAATCCG-1,3
ACACCGAGCGCTCTTT-1,1
ACACCGGTCTGACCGC-1,1
ACACCTTAAGTAGGGC-1,3
ACACTCCAATGTCACT-1,2
ACACTGATCAAGGTGT-1,4
ACAGAACTGAGAACAA-1,1
ACAGGTGGAGGTGAGG-1,2
ACAGGTGTGTTGTTGC-1,1
ACAGTAATACAACTTG-1,1
ACATAAGTCGTGGTGA-1,1
ACATAATAAGGCGGTG-1,3
ACATCAGCTGGGACGC-1,1
ACATCGATCGTTTACC-1,3
ACATCGGTCAGCCGCG-1,2
ACATGGCTCAATTTAG-1,5
ACATTAGTTTATATCC-1,3
ACCAACGCTTATTTAT-1,4
ACCAAGAACGCGTGTC-1,3
ACCACAAGTTTCTATC-1,3
ACCACTGTTCAAGAAG-1,5
ACCAGACCATAACAAC-1,1
ACCATATCCGCAATAA-1,2
ACCATCCGCCAACTAG-1,1
ACCATCGTATATGGTA-1,2
ACCATTAAGGGTGTCA-1,2
ACCCACCTACATGCTC-1,5
ACCCATCTTGAGGGTA-1,2
ACCCGGTTACACTTCC-1,2
ACCCGTGTCATCAGTA-1,2
ACCCTATAGGACTGAG-1,5
ACCCTATGCCATATCG-1,2
ACCGAAGAGTCTGGTT-1,1
ACCGGTCAGGTACACC-1,1
ACCGTCCACTGGGCCC-1,1
ACCTAAGTACCTTTCA-1,1
ACCTAATCGACTTCCT-1,5
ACCTCGAACTTATGCT-1,1
ACCTGCGTGTCATGTT-1,1
ACGAAATGGGCGGCAC-1,2
ACGAGGATACCACTCT-1,1
ACGAGGTTTACAACGT-1,1
ACGAGTCGCCGGCGTT-1,2
ACGATACCTATCCTGA-1,1
ACGATGCATATGTTAT-1,2
ACGCATTCGTGAGTAC-1,3
ACGCGAAGTCAGACGA-1,2
ACGCGCTACACAGGGT-1,2
ACGCGGGCCAAGGACA-1,3
ACGCGTTTCTTAAGAG-1,1
ACGCTGTGAGGCGTAG-1,1
ACGGAATTTAGCAAAT-1,2
ACGGCACTTGCTTGGG-1,2
ACGGCCAACATGGACT-1,2
ACGGCTGGATGTAGAA-1,1
ACGGGAGTGTCGGCCC-1,1
ACGGGTCATGTGACTT-1,4
ACGTCTCGTTCCGGGA-1,1
ACGTGACAAAGTAAGT-1,1
ACGTGCGCCTCGTGCA-1,3
ACGTTAATGTCGAAGA-1,3
ACGTTAGATTTGCCCG-1,2
ACGTTATTGGTCACTC-1,1
ACTACATCCCGACAAG-1,1
ACTACCAGCTCTCTGG-1,3
ACTACGCGTTAGAATT-1,2
ACTATCGCCGGCTAAA-1,4
ACTCCCATTCCTAAAG-1,1
ACTCGATGTATTTCAT-1,1
ACTCGTAACCCGTCCT-1,1
ACTCTAAACCTGGGAT-1,1
ACTGCTCGGAAGGATG-1,1
ACTGTAGCACTTTGGA-1,2
ACTGTCCAGGATTATA-1,3
ACTGTGCTAGTAGATC-1,3
ACTTAGTACGACAAGA-1,3
ACTTATTAGGATCGGT-1,2
ACTTCCAGTGGAAGCT-1,1
ACTTGGGACCCGGTGG-1,3
ACTTGTAGTCCCTTCA-1,1
ACTTTGACTGCATCCT-1,1
ACTTTGGTCGTGCTCC-1,1
AGAACCCTCAATTGGG-1,1
AGAAGGTACACTTCAC-1,1
AGAAGGTTGCCGAATT-1,2
AGAAGTGATTCGTGAT-1,1
AGAATAAATCTTCAGG-1,1
AGAATTGTTTGACATA-1,5
AGACAGCTCAGAATCC-1,1
AGACCAAACCACACCT-1,1
AGACCATGGGATACAA-1,2
AGACCGGGAAACCCTG-1,1
AGACGACGATGCCGCT-1,1
AGACTAGCCTTCCAGA-1,3
AGAGAAGGAGTACAAT-1,1
AGAGATCTCTAAAGCG-1,1
AGAGCAGTTATGAGAC-1,1
AGAGCGGGCTAATCAT-1,3
AGAGCGTACAAGCTCG-1,2
AGAGCTACGAAAGCAT-1,5
AGATAACTTCAGGGCC-1,2
AGATACCGGTGTTCAC-1,2
AGATACGACTTCATAT-1,3
AGATGACTCGCCCACG-1,3
AGATGCAAGACGTGCA-1,1
AGATGCATCCTGTGTC-1,1
AGATGCTATAACGAGC-1,5
AGATTATAGGACGTTT-1,2
AGATTCACAACCGATA-1,1
AGCAACCGAAAGTAAT-1,1
AGCACTACCGGCCTGT-1,4
AGCACTTAAGGACGCC-1,2
AGCATCATTTCGAAAG-1,1
AGCATCGTCGATAATT-1,3
AGCCCATACATGTAAG-1,1
AGCCGCAAATTCAAAT-1,1
AGCCGCTTGATTAGCG-1,5
AGCCGTGGCTAAATGT-1,1
AGCCTAATACCCACGT-1,1
AGCCTTAAAGCGGAAG-1,1
AGCGACAGGAACGGTC-1,2
AGCGACATCCCATTCA-1,3
AGCGCATAATGAATCG-1,2
AGCGGCGGTTAGCGGT-1,1
AGCGGGAAGGGTCCAT-1,3
AGCGTACGAGAGCTAG-1,1
AGCTCTTTACTCAGTT-1,2
AGCTGTAACCTCAATC-1,1
AGCTTGATCTTAACTT-1,1
AGGAAAGCCTCTGATG-1,2
AGGACATCGCACGTCG-1,3
AGGACGACCCATTAGA-1,2
AGGACTTATAGGAGAA-1,4
AGGATCACGCGATCTG-1,1
AGGCAATACGGAGGAC-1,2
AGGCCACCCGTTATGA-1,2
AGGCCCAGTGACTGGT-1,5
AGGCCCATTGTACAGG-1,3
AGGCCCTAGAACGCCA-1,1
AGGCGGTTTGTCCCGC-1,1
AGGCTATGGTTAGCTT-1,5
AGGCTTCCCGAAGAAG-1,4
AGGCTTGCTAGACACC-1,1
AGGGACTCTACGCGAC-1,2
AGGGCGAGCAGCTGAT-1,1
AGGGCGTGATCGGCTA-1,3
AGGGCTGCAGTTACAG-1,3
AGGGTGGATAGTGCAT-1,1
AGGGTTTAGTTCGGGA-1,3
AGGTAGGTACAAAGCT-1,2
AGGTCAGGTGAGAGTG-1,1
AGGTGTATCGCCATGA-1,1
AGGTTCTCCTTTCCGG-1,1
AGGTTTCACACACCTT-1,3
AGTAATGTCTTGCCGC-1,3
AGTACGGCCCGTATCG-1,1
AGTATAATACTAGGCA-1,2
AGTATGCTGGAGACCA-1,1
AGTCAACACCACCATC-1,2
AGTCAGCCACCGCCTG-1,2
AGTCCAGCGGGTACGT-1,3
AGTCGGCCCAAACGAC-1,2
AGTCGGCTCAACTTTA-1,1
AGTCGTGGGCATTACG-1,1
AGTCTCACAAGACTAC-1,1
AGTCTGGACATCCTTG-1,2
AGTGACCTACTTTACG-1,4
AGTGATATGAGTAGTT-1,4
AGTGCGTAGCTCGTAA-1,4
AGTGGCTCCGTCGGCC-1,1
AGTGGGAGTATACACG-1,2
AGTGGTGTTACCCGTG-1,1
AGTGGTTGCGTATAGG-1,1
AGTGTGCTAAGATCGC-1,4
AGTGTGGTCTATTGTG-1,5
AGTTAAACACTTGCGA-1,2
AGTTAAGTCAACCGCT-1,1
AGTTACCCTTAAGACT-1,1
AGTTACCGCACATGGT-1,1
AGTTCACCGGTTGGAC-1,1
AGTTCCTACAGAATTA-1,3
AGTTCCTATTTATGTT-1,3
AGTTCTGCGTTGTATC-1,5
AGTTGACATCGGCTGG-1,3
AGTTGCTGACTGATAT-1,2
AGTTTGGCCAGACCTA-1,1
ATAAACGGACCCGTAA-1,2
ATAAAGGCTCGGTCGT-1,3
ATAAATATTAGCAGCT-1,4
ATAAGTTACCGCGACG-1,4
ATAATACCGTTAGCCG-1,2
ATAATAGCTGTTGAAT-1,3
ATAATAGTGTAGGGAC-1,2
ATACCACGGGCAACTT-1,2
ATACGGAACGTCGTTT-1,1
ATACGGTGAAGATGCA-1,1
ATACTAGCATGACCCT-1,3
ATACTCTCGCCACTCT-1,2
ATACTTGTTCTCGAGC-1,1
ATAGACGAAGAGAAAG-1,2
ATAGAGTACTGGGACA-1,2
ATAGCCTCAGTACCCA-1,4
ATAGCTGCTCTTGTTA-1,4
ATAGGCGGCTATAGAA-1,2
ATAGTGAAGCGTTCTC-1,2
ATATACATGTATGGTA-1,1
ATATAGAGTATTGGTC-1,1
ATATCAATTCCAGCCT-1,1
ATATCTTAGGGCCTTC-1,3
ATATTATCCCGTATTT-1,5
ATATTCAGTTAAACCT-1,2
ATATTGCTGTCAAAGT-1,2
ATATTTAACCCTCAAG-1,3
ATCAAACGAAGGTTTG-1,4
ATCAATCTGGGCTGCA-1,3
ATCAATGCCGTGGCTG-1,1
ATCACGTGCTAATTAA-1,2
ATCACTTCATCCTCGC-1,3
ATCAGACGGCACGCCG-1,2
ATCAGCTCGTCCACTA-1,1
ATCATCCAATATTTGT-1,3
ATCCAACGCAGTCATA-1,2
ATCCAATGGAGGGTCC-1,1
ATCCAATGGTACCGAA-1,1
ATCCAGAGCAACAACC-1,4
ATCCAGGATTCGTGAA-1,2
ATCCCATCCACAGCGC-1,1
ATCCTACCTAAGCTCT-1,4
ATCCTGAATCGCTGCG-1,1
ATCCTGCGTGGAATGG-1,4
ATCGACCCAATACAGA-1,3
ATCGACTCTTTCCGTT-1,3
ATCGCACGATTGTTCA-1,5
ATCGGTTACCTAGTAA-1,1
ATCGTATTCCGAGAAC-1,1
ATCGTCCAATCGAGTC-1,5
ATCTAACGTCCCTATG-1,5
ATCTATCGATGATCAA-1,2
ATCTGATAGTGTCTTA-1,4
ATCTGTAATTGTACCC-1,3
ATCTTGACCTGCAACG-1,3
ATGAAGCCAAGGAGCC-1,3
ATGAAGTGGACCCAGC-1,1
ATGACGCCGGCTCTAA-1,3
ATGACGCGTTCTATCC-1,1
ATGAGGAGTGTTAATC-1,2
ATGATCGGGAATAGAC-1,3
ATGATGCAATGGTACA-1,4
ATGCACCTTCCTTAAT-1,1
ATGCACGCGCTGTTCA-1,1
ATGCACTACCGCATTG-1,3
ATGCTCAGTGTTGCAT-1,5
ATGGAAATTTAAGGAG-1,1
ATGGAGCAGGCCGTGA-1,3
ATGGCAGCATTACGAT-1,1
ATGGCAGCCGAGAAAC-1,1
ATGTCATTTCCCATTG-1,1
ATGTGAAAGCCTAATG-1,1
ATGTGCATCCGACGCA-1,3
ATGTTACGAGCAATAC-1,2
ATGTTCCTGCCCACCT-1,1
ATGTTCGTCGACCCAC-1,1
ATTAAACATGCGGACC-1,2
ATTAACACCTGAGATA-1,4
ATTAATACTACGCGGG-1,3
ATTACGCGCTGGCAGG-1,4
ATTACTAGCCTCTTGC-1,3
ATTAGATTGATAGCGG-1,3
ATTATGAGACCCAATT-1,1
ATTATGCCATAGGGAG-1,3
ATTCAAAGTACCTGTT-1,5
ATTCAGTAGCAGGGTC-1,2
ATTCATATACTGTCCA-1,2
ATTCCCACATAAACAA-1,2
ATTCCTCCGCCAGTGC-1,3
ATTCCTTCCAGGCGGT-1,2
ATTCGACGCCGGGCCT-1,4
ATTGAAGATCTTAGTG-1,3
ATTGATAGCAACGAGA-1,2
ATTGATCACCACATTT-1,1
ATTGCTGCTCCTCCAT-1,2
ATTGGTAGGATCCGCT-1,1
ATTTACAGTTTACTGG-1,2
ATTTCCGGGTTCTGCG-1,1
ATTTGCGCGAGTAGCT-1,1
ATTTGGAGATTGCGGT-1,1
CAAACCAGGTCTGCAT-1,1
CAAACGAGTATCGCAG-1,4
CAAACGGTCGCACTTT-1,2
CAAAGATTATTGGGCC-1,1
CAAAGTCAGGTTAGCT-1,5
CAAATCTCTCACAAGG-1,1
CAAATGTCCTTCCGTG-1,4
CAACATGGCCTGATAA-1,2
CAACCGCACCTAGACA-1,5
CAACGACCCGTTTACA-1,3
CAACGGTTCTTGATAC-1,3
CAACTCCTTGATCCCG-1,3
CAACTGCTCATCCGAT-1,2
CAAGCAACGTCGGAGT-1,2
CAAGCACCAAATGCCT-1,3
CAAGGATCGCATGTTC-1,3
CAATACGCTCTGAGGC-1,1
CAATATTCTTGACCTA-1,2
CAATATTGGACTAGTG-1,5
CAATCCTGCCGTGGAG-1,2
CAATTGGGCCGCACTC-1,1
CAATTTCGTATAAGGG-1,3
CAATTTGACCGGGAAG-1,5
CACAATGAGCTGCTAT-1,2
CACACAGGGATAGATT-1,2
CACAGCACCCACGGCA-1,3
CACAGCTAGGGAGTGA-1,3
CACATGATTCAGCAAC-1,3
CACATGTTTGGACATG-1,5
CACCAATCATCCGTCT-1,1
CACCACGCCACACAGA-1,1
CACCAGTCAGCATGCA-1,1
CACCCACACGTCACCC-1,3
CACCCGGTTTGTGACT-1,2
CACCCTTGGTGAGACC-1,1
CACCGTTAGGGATCAC-1,4
CACCGTTGCGCGATAT-1,1
CACCTAATAGAGTCGT-1,5
CACGAAAGTTAGTCCC-1,2
CACGCAGCGAGGCTTT-1,3
CACGGGATTGAGGGTT-1,1
CACGTCGGCAACCTCT-1,4
CACGTCGGGTTCTAGA-1,4
CACTAAAGTTGCCTAT-1,2
CACTCAAGAGCTATGG-1,2
CACTCCTATGTAAGAT-1,1
CACTCGGTTAGGAGGA-1,1
CACTGTCCAAGTGAGA-1,3
CACTTAATCAGACGGA-1,2
CACTTCGCCACAGGCT-1,2
CACTTCGTCTTATCTC-1,2
CAGACACCGATCGCTG-1,4
CAGACGAACCTGATAC-1,4
CAGAGACGGTCACCCA-1,2
CAGAGGCGATGCATGA-1,2
CAGATACTAACATAGT-1,2
CAGATCCTGGTTTGAA-1,1
CAGATGTTTGTCCCAA-1,1
CAGCGATTCCCTTCAA-1,2
CAGCGCCAACACGATA-1,1
CAGCTCACTGAGACAT-1,3
CAGCTCGTGCTTGTGT-1,3
CAGCTGGCGTAACCGT-1,1
CAGCTTAGTAGGTAGC-1,2
CAGGATATATCGTTGT-1,2
CAGGCCGTTTGGGTGT-1,2
CAGGCGCACGGTGGTC-1,1
CAGTAAGGGACGTCTC-1,1
CAGTAATCCCTCCCAG-1,5
CAGTACCAGTTTACGT-1,1
CAGTAGATGATGTCCG-1,4
CAGTCGGCCTAGATAT-1,1
CAGTCTGTATACTGGG-1,3
CAGTGGTTGCACATGA-1,5
CAGTGTCCGCAGAATG-1,3
CAGTTCAAATTGACAC-1,3
CAGTTCCGCGGGTCGA-1,2
CATAAGCTCTCCGTCT-1,1
CATACAAAGCCGAACC-1,3
CATACACAAAGTCAGC-1,1
CATACACGGTTCCCAC-1,3
CATACCCGTACCCAGT-1,2
CATACGGCGTCTGGGC-1,3
CATACGGGTGCATGAT-1,3
CATACTATGTAATTGT-1,2
CATAGCCGCCCGGGAT-1,4
CATAGCGTTGCCCACC-1,2
CATAGTAGCATAGTAG-1,3
CATAGTCCACAAGAAC-1,1
CATATAGGTACAGTCA-1,2
CATATGTCAGGCTACG-1,1
CATCAACACCTACTAA-1,1
CATCCGCAGGCCCGAA-1,2
CATCGAATGGATCTCT-1,3
CATCGCCCGCGGCCAA-1,3
CATCGGACGGGTTAAT-1,2
CATCGTCCGGTTACTA-1,1
CATCTGCAGGATCATT-1,1
CATGATGCACAATTCT-1,3
CATGCCAACTCGCAAA-1,1
CATGCGTTAGACAGAA-1,3
CATGGCAGGAAGATCG-1,3
CATGGCTCCCTATGTC-1,1
CATGGTATTAGTTTGT-1,1
CATTACGTCGGCCCGT-1,3
CATTATGCTTGTTGTG-1,1
CATTCAGGTCAGTGCG-1,3
CATTCCCTAAGTACAA-1,5
CATTGCGAAATGGGCG-1,1
CATTGTGTGCTAGATC-1,5
CATTTCTAGCAGACTA-1,2
CATTTGAGTGGTACGT-1,4
CCAAACAGAACCCTCG-1,3
CCAAAGCAGTTGGTTG-1,5
CCAACGATGCACTGAT-1,2
CCAAGAAAGTGGGCGA-1,4
CCAAGACTTCTGCGAA-1,3
CCAAGGAACAGAGAGG-1,3
CCAAGTTTCTACAGAT-1,4
CCAATAGATTTCATCT-1,1
CCAATAGTGCCGTCGA-1,2
CCAATGTCACAGCAAG-1,2
CCAATTGAATGTTAAT-1,3
CCACACTGAGATATTA-1,2
CCACAGCTGAAATCAT-1,3
CCACATGGCTCTTTAT-1,1
CCACCAACTTTACTGT-1,2
CCACGGAGCCATAAGA-1,1
CCACTAAACTGAATCG-1,3
CCACTGGTGGCTGGTT-1,1
CCAGAAAGCAACTCAT-1,4
CCAGAGACAAAGCCGG-1,2
CCAGCCTGGACCAATA-1,3
CCAGCTGATGGTACTT-1,1
CCAGCTTCCGCCCGCA-1,1
CCAGGGACGTGGCCTC-1,1
CCAGTCAAATCTCTTA-1,1
CCAGTCCATTATTCGA-1,2
CCATAACCTGTGCAGT-1,1
CCATACTCGCCTCTCC-1,1
CCATAGAGGCTGCCAG-1,1
CCATAGGTTGGCGTGG-1,3
CCATAGTCAGTAACCC-1,2
CCATATTGGATCATGA-1,5
CCATCCATACCAAGTC-1,3
CCATCGCAGTTAAACT-1,3
CCATGCCTGTTTAGTA-1,2
CCATGCTCTGCAGGAA-1,3
CCATGGCCCTTGTACC-1,4
CCATTAGCGATAATCC-1,2
CCATTCCCTGCCCACA-1,2
CCCAACATACGTCGCG-1,2
CCCAATTTCACAACTT-1,2
CCCACTCCACGGTATC-1,1
CCCAGTAAACTTGGGA-1,1
CCCGAAGTTTCGCGAA-1,1
CCCGCCATGCTCCCGT-1,3
CCCGCGCAATGCACCC-1,5
CCCGGCTAGGTGAGAA-1,5
CCCGGTGGAAGAACCT-1,4
CCCGGTGTATCGGAAT-1,1
CCCGTAAGTCTAGGCC-1,1
CCCGTAGCTGGGAAGA-1,2
CCCGTCAGCGTCTGAC-1,3
CCCGTGAGGGCGGTGA-1,1
CCCTAGGCAACAAGAG-1,1
CCCTAGTGTCAGGTGT-1,2
CCCTATGTAGAGCAGA-1,1
CCCTCAAGCTCTTAGT-1,1
CCCTCATTCTGGAATT-1,3
CCCTGAAATGAGTTGA-1,2
CCCTGACTAACAAATT-1,1
CCCTGATGTAACTCGT-1,2
CCCTGCCCAATCCGCT-1,1
CCCTGCGCTACGCATA-1,2
CCCTGGCTGTTCCTTC-1,1
CCCTGTTGGCAAAGAC-1,5
CCCTTTGACAGGTCTT-1,4
CCGAAAGTGGTGAGCA-1,2
CCGAACACTGGGCCTC-1,1
CCGAAGCATTGACCAA-1,1
CCGAAGTATATTGTTC-1,2
CCGACAAACACATGAG-1,2
CCGACAAAGGGAGTGC-1,4
CCGACGGGCATGAGGT-1,1
CCGATTCGAGGGACCC-1,1
CCGCACGTGACCTCGG-1,2
CCGCCGGAACTTCTCG-1,1
CCGCCTTGCGATGTCG-1,1
CCGCGATTTGGTAGGT-1,1
CCGCGCAAGATACCCA-1,1
CCGCGGAATGCGTCAC-1,4
CCGCGGGTACGAAGAA-1,2
CCGCGTAGGTAAGGGC-1,4
CCGCTATCAGCACCAG-1,3
CCGCTTACCTCACTCT-1,2
CCGGAATGGTTTCAGT-1,2
CCGGAGCGTACTTTCT-1,2
CCGGCCGCGAGCATAT-1,1
CCGGCGCATATTGGAT-1,3
CCGGCGTGAGACTCTG-1,1
CCGGGACCCGCAGAGA-1,3
CCGGGTTCGAGGTTAC-1,2
CCGGTGCGAGTGATAG-1,5
CCGGTTTGTAATTGTG-1,2
CCGTACCCAAGCGCCA-1,3
CCGTATCTCGTCGTAG-1,1
CCGTGTTAAATTCCAT-1,2
CCGTTCCGAATCTCGG-1,1
CCTAAATTAACGGTTC-1,3
CCTACATTCACAGACG-1,1
CCTACGGCTCAGTCGA-1,3
CCTACTGCTTACACTT-1,3
CCTAGGTAAAGGTAGC-1,1
CCTATACCGTCCTGTC-1,2
CCTATATCGTGTCACG-1,1
CCTCAACGATCGCTGT-1,1
CCTCACCAATCTTGAC-1,2
CCTCATGCAGCTACGA-1,3
CCTCCGACAATTCAAG-1,2
CCTCCTAGCTAGAGTC-1,1
CCTCCTGAGCCCACAT-1,1
CCTCGGATGCTACCTG-1,1
CCTCTATCGATTAGCA-1,1
CCTCTCTCCCATCTAG-1,2
CCTCTGTACTATTCTA-1,3
CCTGACAAACTCGCGC-1,1
CCTGACCACCGATGGT-1,3
CCTGCCCGTTGTCTAG-1,1
CCTGCGATAGAACTGT-1,5
CCTGCGTTCTACGCTT-1,1
CCTGCTATTTGAGAAG-1,2
CCTGGCTAGACCCGCC-1,3
CCTGTAAGACATGATA-1,2
CCTGTACTCACGCCCA-1,1
CCTGTCGCCCGTAAAT-1,3
CCTGTGAAACCGTAAC-1,1
CCTGTGCATAGGAGAC-1,3
CCTTCTCAGCGTTCCT-1,1
CCTTTGAATTATGGCT-1,1
CGAAACGCAATTCATG-1,2
CGAACCCGCATGCGTC-1,4
CGAACGGCCGGACAAC-1,1
CGAAGACGGTGAGTGC-1,1
CGAAGGGTTTCAGATT-1,1
CGAAGTTGCTCTGTGT-1,2
CGAATGAAGTCATTGC-1,1
CGACAGTTCGCGTTAT-1,2
CGACCCTTAACGCCGG-1,1
CGACCTACTAGACAAT-1,1
CGACGCATCCGTACCT-1,1
CGAGACCCTAGAGTGT-1,3
CGAGAGCGCGTAGATA-1,1
CGAGCACTTCAAGTTT-1,5
CGAGCCGAGCACTCGA-1,5
CGAGCTGGGCTTTAGG-1,3
CGAGGCCAGGCATTGG-1,5
CGAGTACTAAAGAGGA-1,2
CGAGTGAAGGTACCAG-1,1
CGATACCTCGCGGACA-1,2
CGATAGCGATACAGTG-1,1
CGATCCGACCCAGTGC-1,2
CGATCTGTTGGAGGAC-1,1
CGATGTTGTTATCTAC-1,1
CGCAAACACGAGTTAC-1,2
CGCAATCGATCATTAG-1,1
CGCAATTACTTTCGGT-1,2
CGCAATTAGGGTAATA-1,3
CGCAATTCTACAATAA-1,2
CGCATGGTGCGATGCT-1,3
CGCCAAGAAGCCGAGT-1,1
CGCCAATTATTGCGTT-1,2
CGCCACAGGTCGCGAT-1,1
CGCCACCCGCATTAAC-1,2
CGCCCTAATTGTTCAA-1,1
CGCCCTTGAAGGCTGA-1,4
CGCCGACTATTCGCTA-1,1
CGCCTGGCCTACGTAA-1,1
CGCGACACTGCGCAGC-1,1
CGCGAGTCTGCCGGGT-1,1
CGCGCAAATGTCCAGA-1,1
CGCGCATGTTTGATTG-1,4
CGCGGCAGTATTACGG-1,5
CGCGTTCATGAAATAC-1,2
CGCTACGGGACATTTA-1,2
CGCTATACCGCCCACT-1,3
CGCTATTCAATGTATG-1,2
CGCTATTCTTAGGCTC-1,3
CGCTCGACATAATGAT-1,3
CGCTCTCCGTAGATTA-1,5
CGCTGTGACGCCGCAC-1,3
CGCTTATTCCCGGTCG-1,4
CGCTTCCACTGAAATC-1,3
CGCTTTCATACCGGTG-1,3
CGGAAAGCAAATGTGC-1,1
CGGAACGTAAACATAG-1,4
CGGACGTTACTTGAAG-1,1
CGGAGCAATTTAATCG-1,3
CGGAGCATGGCGATCC-1,3
CGGAGTTTGAGAGACA-1,2
CGGATAAGCGGACATG-1,4
CGGCACTCAAGAAAGT-1,3
CGGCCACGCACAAAGT-1,3
CGGGAATTTATGTAAA-1,3
CGGGAGTATACCGCCG-1,1
CGGGATCAATGTAAGA-1,3
CGGGCAGCTAAACCGC-1,3
CGGGCCATAGCCGCAC-1,5
CGGGCCTTCTTTGTAA-1,2
CGGGTTGTAGCTTTGG-1,3
CGGTAACAAGATACAT-1,3
CGGTACGGCAAACCCA-1,1
CGGTGAAGACTAAAGT-1,4
CGGTGCAGATAGAACG-1,2
CGGTGCGCGTTGGTCC-1,4
CGGTGTACTTGATCCC-1,2
CGGTTCCGGCTTCTTG-1,3
CGGTTGACCTGGCATA-1,1
CGTAAACGCTTGAGTG-1,2
CGTAATAATTACGAGT-1,4
CGTACCGAAAGTCTAG-1,5
CGTACCTGATAGGCCT-1,3
CGTATTAAGAGATCTA-1,3
CGTCAAGGCTATAAAT-1,1
CGTCAATCTTTAACAT-1,5
CGTCACGTCCATTGGT-1,4
CGTCAGCTATTTACTC-1,1
CGTCATACCATATCCA-1,2
CGTCCAGATGGCTCCA-1,4
CGTCGCGGCGGGATTT-1,5
CGTCGGGTCTAAGCGC-1,1
CGTCTGGAAGGGCCCG-1,3
CGTGAAGTTAATTCAC-1,2
CGTGCATTGTCGACGC-1,2
CGTGCTGGCCTAGTCG-1,5
CGTGTCCCATTCGCGA-1,3
CGTTATCATACTTCCA-1,1
CGTTCATGGTGCGCGT-1,1
CGTTGTAAACGTCAGG-1,1
CGTTGTTTCAATTCCC-1,2
CGTTTCGCTCATTACA-1,2
CGTTTGTGTAGAGGGT-1,2
CTAAAGAATGCCTACT-1,2
CTAAAGGGAAATAGGA-1,3
CTAAAGTCCGAAGCTA-1,3
CTAACCGCGCGCCCGT-1,2
CTAACTGGTCCGGTTC-1,2
CTAATGCGCCCAACAA-1,2
CTAATTCGCACGCGCT-1,2
CTAATTTCAACAACAC-1,2
CTACAAGAAATAACCC-1,2
CTACGACTAGCTATAA-1,1
CTACGCACGGAGTACC-1,3
CTACTATCATAGGTTT-1,1
CTACTCTAGGCCCGGC-1,2
CTAGATAAACTCCTCG-1,3
CTAGCATAGTATAATG-1,3
CTAGTCACGTCTTAAG-1,3
CTAGTGAAGGACAGGA-1,2
CTATACTTAAAGCGAG-1,1
CTATGTGAGTCACGGC-1,1
CTATTCATGTGTCCCA-1,3
CTCACCAGTACAAGTG-1,1
CTCACTTGGCTGGTAA-1,1
CTCAGATTGTGATAAG-1,1
CTCAGGACTCACCTGT-1,2
CTCATGGTAATTTGCG-1,1
CTCATTCGTGAACATC-1,1
CTCATTTGATGGGCGG-1,3
CTCCCTCCTTTCGATC-1,1
CTCCGCCCACATGAGG-1,2
CTCCGGCCTAATATGC-1,3
CTCCGGCTTGTAGACA-1,5
CTCCTAAGTTATGTCT-1,3
CTCGAGACATACGATA-1,1
CTCGAGATCCAAAGCA-1,5
CTCGCATTGCATAGCC-1,1
CTCGGTCCGTAGCCTG-1,3
CTCGGTTGTCGGCCCT-1,1
CTCGTCGAGGGCTCAT-1,1
CTCTACACTGGCGATT-1,1
CTCTCGCTGTACTATG-1,1
CTCTCTAACTGCCTAG-1,1
CTCTGGACGCCTGGTG-1,3
CTCTTGTCCCGCTTGG-1,2
CTGAAAGAGATCCGAC-1,3
CTGAATCCGAGACCTC-1,4
CTGAGCAAGTAACAAG-1,2
CTGATAGTGTATCTCA-1,1
CTGCACCTGGAACCGC-1,3
CTGCAGGTGCTCGGCC-1,2
CTGCCATGCATCACAT-1,3
CTGCCCACGAAGCGTT-1,1
CTGCGGGTGAAATGTT-1,2
CTGCTGAGGCCACGAA-1,4
CTGGAAATGGATGCTT-1,3
CTGGACGCAGTCCGGC-1,1
CTGGATTTACACTTGA-1,4
CTGGCATCCGAATGAG-1,1
CTGGCGGGAATAAGTA-1,5
CTGGCTCCTGCGGGAT-1,3
CTGGCTGGTTGTCAGT-1,2
CTGGGCCTGCTATATC-1,1
CTGGGTTGAGTTAAAG-1,1
CTGGTCATTCCAATCC-1,1
CTGTACTTCTTAGCAT-1,2
CTGTAGCCATCTCACT-1,2
CTGTATGGTGTAGAAA-1,2
CTGTCTGTGGCTGGCT-1,2
CTGTGCAGGGTAGGTC-1,3
CTGTTACCCAATCTAG-1,5
CTGTTCACTGCCTGTG-1,3
CTGTTCATCTCACGGG-1,2
CTGTTGGCTCTTCTGA-1,1
CTTAAATAAGACCCAT-1,1
CTTAAGCAGCGAGCCG-1,1
CTTACACGGTATTCCA-1,2
CTTACACTGGGAAATA-1,3
CTTAGCCCGGATAGTG-1,1
CTTAGGTATAGACCAG-1,1
CTTATGCGCTCAGGGC-1,1
CTTATGTTGACTACCA-1,2
CTTCAGTGGTCGCCTA-1,1
CTTCATAGCTCAAGAA-1,3
CTTCATTGTCAGTGGA-1,3
CTTCCGCTCCGTGAAG-1,2
CTTCGTAGATAGGTGA-1,2
CTTCTATGTTGAAGTA-1,1
CTTCTATTAATGCTAG-1,4
CTTCTTACGTCGTATA-1,3
CTTGAGGTTATCCCGA-1,5
CTTGCAACCGCCTCCT-1,1
CTTGCCCAGGCTCTAC-1,4
CTTGGCCAAGCTGGGA-1,2
CTTGTACTTGTTGACT-1,3
CTTGTGAGGACAGCGG-1,2
CTTGTGAGTCTTTGAC-1,3
CTTGTTTATGTAGCCA-1,2
CTTTAGTGCTATTATT-1,3
CTTTGACGTCGCTTCT-1,1
CTTTGGCGCTTTATAC-1,1
CTTTGGCTTTAGTAAA-1,2
CTTTGTCGAATGCTCC-1,1
GAAACATAGGAAACAG-1,1
GAAACCGAATTACCTT-1,4
GAAACTCGTGCGATGC-1,2
GAAAGCAGTGCACTTT-1,2
GAAAGCCCTTTGGACC-1,1
GAAAGTGACTAACTGC-1,2
GAAATACTAAACGTTT-1,5
GAAATATCACCATCAG-1,2
GAAATCGCGCGCAACT-1,3
GAAATCTGACCAAGTT-1,4
GAAATGGCGGTGTTAG-1,3
GAAATGGGATGTAAAC-1,5
GAAATTGTCTCTATAA-1,2
GAACACACATCAACCA-1,3
GAACCTCGACCTACAC-1,1
GAACGACCGAATGATA-1,3
GAACGTTAGGAAGACG-1,1
GAAGAAACGATATTGT-1,1
GAAGAACGGTGCAGGT-1,3
GAAGCCGGGTAAGCTC-1,1
GAAGCGTGAGGAATTT-1,3
GAAGCTCGGACCCGTC-1,1
GAAGCTCTTTGCTTAG-1,4
GAAGCTTGCTGACCGC-1,2
GAAGGACTAAATTGAA-1,3
GAAGGGCATAACCATG-1,5
GAAGTCAGTTGCACTA-1,2
GAAGTGATTTATCGTG-1,2
GAAGTGCTGGATAGCT-1,3
GAAGTTTCCACTCAAT-1,2
GAATCGACATGGTCAC-1,2
GAATCTGAACATTCTC-1,3
GAATGCCGAAATGACC-1,4
GAATGGGCTTATCGAC-1,1
GAATTCACCCGGGTGT-1,4
GAATTTCTCGCTGCAG-1,2
GACAACGCAGCTTACG-1,3
GACACGAGTTAGAGGA-1,5
GACACTGAGTTCAGTG-1,4
GACAGATTTCTGGCTC-1,1
GACAGGCACACACTAT-1,1
GACATACTGTCGCAGA-1,1
GACATCGATTTATAAC-1,4
GACCAGAGCCCTGTAG-1,3
GACCCAATTATGATAC-1,1
GACCGACTGAAGCGTC-1,4
GACCGTGCTGACGGTG-1,2
GACCGTTACATGCGAC-1,1
GACCTGGTCTGGGCGT-1,5
GACGCATACCCGTCGG-1,1
GACGCCGTAAAGGCTA-1,2
GACGCCTGTTGCAGGG-1,3
GACGCTTGCTTCTAAA-1,2
GACGTGAGACTCCATG-1,3
GACGTGTAGGGATTAT-1,3
GACTAAGATCATGCAC-1,3
GACTAAGTAGGCTCAC-1,3
GACTACAAAGCGGTGG-1,1
GACTCCTTCCAATTGA-1,1
GACTGCGGCACGTGTA-1,1
GAGAATCTCACGATCA-1,1
GAGACTGATGGGTAGA-1,3
GAGACTTCGCGACCGA-1,2
GAGAGCGCAGTCCCTG-1,1
GAGAGGGCGCGAGGTT-1,2
GAGAGGTGCATTCTGG-1,1
GAGATCTGCTTGGCAT-1,3
GAGCGAGGGAGTACCG-1,3
GAGCGCTGTTAGGTAA-1,1
GAGCTCTCGGACCTAA-1,3
GAGGAATGGAGAGGTT-1,2
GAGGAGATCCTCATGC-1,5
GAGGCCCGACTCCGCA-1,1
GAGGCTATCAAAGTCG-1,2
GAGGGCATCGCGTATC-1,3
GAGGTCCCAAAGATCT-1,5
GAGTAAGGCCACGGGA-1,1
GAGTACGGGTATACAA-1,3
GAGTATGCCCGCCTTG-1,4
GAGTCAGACCAGAATC-1,2
GAGTCCGCTTACCGGA-1,2
GAGTCGACAGACCCTC-1,1
GAGTCTTGTAAAGGAC-1,1
GAGTTCTGTGGGTGCT-1,1
GAGTTGATGGCAATTT-1,1
GATAAATCGGTGGATG-1,3
GATAAGGCAGATGCAA-1,3
GATACGATGGGAGTCA-1,4
GATAGCGTACCACGCG-1,5
GATAGGTAACGTTGAC-1,2
GATATCAAGCAGGAGC-1,1
GATATCAGTATGTATC-1,5
GATATGGATTACGCGG-1,1
GATCATTCCAAACATT-1,3
GATCCTCGACACTGGC-1,1
GATCGACACTATCTGA-1,3
GATCGCGGGCTCTCCA-1,2
GATCGCTATATCTCAG-1,1
GATCGGATAGAACCAT-1,1
GATCGGCGATAAGTCG-1,1
GATCTAACCGTATTCA-1,1
GATCTGCTATCTAAGG-1,3
GATCTTCATTGTCCTC-1,1
GATCTTGGAGGGCATA-1,3
GATCTTTGCAGGGTAT-1,2
GATGACAAGTAGGGCA-1,1
GATGCCAGCAGAAGGC-1,1
GATGCCTTCTGCGGCA-1,1
GATGCGAATGGTATTA-1,1
GATGCGTCCTGCATTC-1,3
GATGCTACAAGCGCCT-1,3
GATGGCGCACACATTA-1,5
GATGTAACGAACCACC-1,1
GATGTTCAATCCACGA-1,2
GATGTTTGTGCGAGAT-1,5
GATTACTGAATTTGGG-1,2
GATTCCTATACGGCGC-1,2
GCAAATATTACGCTTT-1,2
GCAAATGAGGACACTT-1,1
GCAACACACTAGAACT-1,1
GCAACCACGGCCGCGT-1,1
GCAACCCAAGTTGTTT-1,1
GCAAGAATTCCTTGGC-1,2
GCAAGCTGGAAACCGC-1,1
GCAAGTGCACAGAGAA-1,3
GCACAACCTCGGGCGT-1,1
GCACAAGTGGATCATA-1,4
GCACACGCCCATGGTC-1,1
GCACGCCTACTTAGAT-1,2
GCACTGTGCAAATGTA-1,3
GCAGATCCTCGCAAAT-1,1
GCAGATTAGGGATATC-1,3
GCAGCACACAGCCCAG-1,2
GCAGGAACTTAGATCT-1,1
GCAGGACTATAGAATA-1,2
GCATACGAGGTCTTTA-1,1
GCATAGAGCACTCAGG-1,3
GCATCCCTAACTTTGA-1,3
GCATGGGTACTGACGC-1,1
GCATTCGAAATGAACA-1,1
GCATTGACTTGCGGAA-1,1
GCATTGTAATTCATAT-1,1
GCCAAGAATACTTCTG-1,1
GCCACAATTTAAGGAC-1,2
GCCACCCATTCCACTT-1,2
GCCAGGCTTAGTGGTA-1,5
GCCATCGAGCTGCGTG-1,5
GCCATTAGCCTCAAAC-1,1
GCCCAGTTGGTATGCC-1,3
GCCCGACTTCTTCCCG-1,1
GCCCGAGAGTCTAAAT-1,1
GCCCGCGCGTAAACGG-1,4
GCCCGCGCGTTTGACA-1,3
GCCCTAGCCGTCGCGA-1,1
GCCGAAATTCCTACGT-1,2
GCCGATTGGCCAAGCT-1,3
GCCGCATTAGTCCGGC-1,1
GCCGCTTGTGAGAAAC-1,2
GCCGGGTTAGGGTCGC-1,3
GCCTAGCGATCTGACC-1,3
GCCTATTCCGATATAG-1,5
GCCTTCAGCCCTACCG-1,3
GCCTTGTATATGCAGT-1,2
GCCTTTGTCAGTGGAC-1,1
GCGAAGCCATACCCGT-1,3
GCGACCCAACCATCTG-1,1
GCGACGATAGTTGTAC-1,4
GCGAGAAACGGGAGTT-1,2
GCGAGGCCCGAGCAGA-1,2
GCGAGTTCTGCAAAGA-1,3
GCGATGTCTGTGCTTG-1,4
GCGCAAATATATTCAA-1,1
GCGCCGTTCCACGATA-1,3
GCGCTATGCCGAGGCA-1,4
GCGCTGGCGGAAAGTC-1,5
GCGGACCGCGTTGTGG-1,2
GCGGAGAAACTTCGCA-1,1
GCGGCAAAGTATTGCC-1,1
GCGGCTCTGACGTACC-1,2
GCGGGAACCAGGCCCT-1,3
GCGGGCGAGCCTTACC-1,2
GCGGTAACCCAAATGA-1,3
GCGGTGCGGAGCATCG-1,1
GCGGTTCCCTATCATG-1,4
GCGTCGAAATGTCGGT-1,3
GCGTCTCTGCATTGGG-1,2
GCGTTATATTTGGAAC-1,1
GCTAAACCTGAGGTGA-1,2
GCTAAGTAAAGGCGAT-1,1
GCTAATACCGAATGCC-1,3
GCTACAGTACGGACCG-1,1
GCTACGACTTATTGGG-1,3
GCTAGCTTGAATAGCT-1,4
GCTAGTAGAGCTTGTA-1,3
GCTAGTTTCATTGAGG-1,3
GCTATCGCGGCGCAAC-1,2
GCTATGCCAGCTTATG-1,1
GCTCAACCTCTTAGAG-1,1
GCTCAATCCGTTTATT-1,1
GCTCCTGACATACTGG-1,1
GCTCGCGGTTCCGCTC-1,1
GCTCTATGTTACGTGC-1,2
GCTGAATCTTCCAATC-1,1
GCTGAGCAACGGTTCT-1,1
GCTGAGGCGTGAGTAT-1,3
GCTGCGCCTCCCACGT-1,1
GCTGCTAAGTAGTCGA-1,2
GCTGGCAGGTGCCGTG-1,1
GCTGGCATATTCACCT-1,2
GCTGGGTCCGCTGTTA-1,3
GCTGGTTTAGGCCATA-1,1
GCTGTATTACTGGCCC-1,2
GCTTCCAGCTTAGATT-1,5
GCTTGATGATAATCAG-1,2
GGAACCCGAACAAGAA-1,1
GGAACCGTGTAAATTG-1,4
GGAACCTTGACTCTGC-1,1
GGAACGGCCTGCAGCC-1,1
GGACAAGTTGCAGTGA-1,1
GGACCTCTAGGCCGCC-1,1
GGACTAAGTCAGGAGT-1,1
GGAGAAGTCATTGGCA-1,3
GGAGACATTCACGGGC-1,2
GGAGACCATCTACATA-1,1
GGAGACGACACCTTTG-1,3
GGAGGAGTGTGTTTAT-1,3
GGAGTACACATGAGCT-1,4
GGAGTGCCGCCCTGGA-1,3
GGATCAGAGCCATCAG-1,1
GGATCCCTACCAGCTA-1,5
GGATCTTGACTCAACC-1,1
GGATGACGCGAGTTTA-1,2
GGATGCTGGCGTTCCT-1,1
GGATTCAGTACGGTGG-1,2
GGCAAAGGCGCCAATA-1,1
GGCAAATTACTTTACT-1,2
GGCAAGGCGAAATAGC-1,3
GGCACTCCACTGGGCA-1,2
GGCAGAGAGATCGGGA-1,1
GGCATACAGGTAGCGG-1,2
GGCCACACGAAAGCCT-1,1
GGCCCTCACCCACTTA-1,1
GGCCTTTGCAACTGGC-1,1
GGCGAGCGAAACGGCA-1,1
GGCGCAGGACATCTTC-1,4
GGCGCATGAATTGATG-1,2
GGCGCGTTCGAGTTTA-1,2
GGCGCTCCTCATCAAT-1,5
GGCGGAGTAATATTAG-1,2
GGCGGTTTGCCGGTGC-1,4
GGCGTCCTATCCGCTG-1,2
GGCTATTAAGTTGTAT-1,2
GGCTCGTGCCACCAGC-1,3
GGCTGGCAGCTTTATG-1,2
GGCTGGCTAGCTTAAA-1,3
GGCTTGGCTCTCACCT-1,1
GGGAACGGGAGGTTAG-1,2
GGGAATTCTGTCCAGT-1,1
GGGACAGAGTTACTCC-1,1
GGGACCCGTATATCTT-1,2
GGGACTGCATAGATAG-1,3
GGGAGAACTCACAGTA-1,3
GGGAGGATGCCCGAAA-1,2
GGGATACGGTAATAAT-1,1
GGGATGGACCCGCGTC-1,1
GGGATGGTCGTAACCG-1,4
GGGATTATCTCACAAC-1,1
GGGCAACCGCACGTGC-1,1
GGGCACGAATTGGCCG-1,1
GGGCAGACGTCACTGC-1,1
GGGCAGGATTTCTGTG-1,1
GGGCCCGTCTTAAACA-1,2
GGGCCCTACGAAAGGG-1,1
GGGCCCTTATCTATAC-1,1
GGGCCTAAATGGGCTA-1,1
GGGCGAATTTCTCCAC-1,1
GGGCGGCAAATGAATT-1,4
GGGCGGGTTCCCTACG-1,2
GGGCGGTCCTATTGTC-1,2
GGGCGTACATTTATAT-1,2
GGGCGTCACCACGTAA-1,4
GGGCTACTATTTCGTG-1,1
GGGCTGGTTAGTCGCG-1,3
GGGTAATGCTGTGTTT-1,2
GGGTACACTCTGGAGG-1,2
GGGTACCCACGGTCCT-1,2
GGGTACTTCATGAACT-1,2
GGGTATGTATGCACTT-1,2
GGGTATTCTAGCAAAC-1,1
GGGTCACCGTGACGGT-1,2
GGGTCATGCGTACCAT-1,1
GGGTGACACCTTAACT-1,2
GGGTGTTTCAGCTATG-1,3
GGGTTAACATTTGAGT-1,2
GGGTTCAGACGAACAA-1,2
GGTAACCGGCAAAGGT-1,2
GGTAACCGGGAGGATA-1,1
GGTACAAACATGCTAT-1,2
GGTACATCTGGGACGA-1,1
GGTAGACCGTTGGGCG-1,2
GGTATGAAAGAACTGA-1,1
GGTATTGCCGAGTTTA-1,3
GGTCAGTGGGTCCCAC-1,3
GGTCCTTCATACGACT-1,4
GGTCGGTAATTAGACA-1,3
GGTCGGTCGTCCACAG-1,2
GGTCGTAAGCTCGCAC-1,1
GGTCTCTGAATGGACT-1,1
GGTCTTGGTGTTAACT-1,2
GGTGAACGGGCTAGCC-1,3
GGTGAAGTACAGGGAT-1,2
GGTGAGATGCAGATAA-1,3
GGTGATGAAGGAAGTG-1,1
GGTGCGGATAAGTGGC-1,3
GGTGCTGATCACAAAG-1,4
GGTGCTGGTACACATT-1,2
GGTTACCACCCTCGGG-1,4
GGTTAGGCTTGGAGAA-1,2
GGTTAGTTACGGCGCC-1,2
GGTTCGGATTATACTA-1,1
GGTTGTGCTCTTGTCC-1,1
GGTTGTGTAGCCTGGC-1,1
GTAAGCGGGCAGTCAG-1,3
GTAAGTAGGGTATACC-1,2
GTAATCTGATTCTTCG-1,4
GTACACTTACCTGAAG-1,3
GTACGACGGCGCTGCG-1,2
GTACGAGATTGCGACA-1,3
GTACGTTTGCCCGTCA-1,3
GTACTCCCTTATCGCT-1,2
GTACTTGGGCACTTCT-1,3
GTAGAAACGGGTGGAG-1,1
GTAGAGGGAGACAAGT-1,1
GTAGCGGCTATACACT-1,3
GTATAATCTCCCGGAT-1,4
GTATAGGACTCAGTAG-1,3
GTATATGTTACGGCGG-1,2
GTATCAGCTTGGGTTC-1,2
GTATCGGGACGAGCTG-1,3
GTATCTCAGTCTTGAC-1,1
GTATCTTTCATAACCA-1,3
GTATGAAATTTCACTC-1,1
GTATTAAGGCGTCTAA-1,5
GTATTCTGAGAAACGA-1,2
GTATTCTTACCGTGCT-1,2
GTCAAAGAAGTGGTGT-1,1
GTCAAAGTTTACATAG-1,3
GTCACTCTCCAAATCT-1,2
GTCAGAATAGTCTATG-1,2
GTCAGACAGCGTTGGA-1,5
GTCAGTTTGGTAGTCG-1,1
GTCATCTCCTACAGCT-1,2
GTCATTAGAGCGAACG-1,3
GTCATTGCATTGACCC-1,1
GTCCCAATCATCCCGC-1,1
GTCCGAGAGCAATCAT-1,1
GTCCGGCTGAATTGCG-1,3
GTCCTACAGGCGGCTC-1,2
GTCCTACTCTACGGGC-1,1
GTCCTATTGTTGTGGT-1,1
GTCCTTCTACAACCCA-1,1
GTCGGATATCTCAGAC-1,2
GTCGGGAACATGGTAG-1,1
GTCGTACCATCTCGGG-1,3
GTCGTACCTACGATTG-1,1
GTCTACTCAATTACAA-1,1
GTCTATCTGAGTTTCT-1,2
GTCTCCTGCCAGTATG-1,1
GTCTGGGCGGTCGAGA-1,4
GTCTTCCTCACCTAAG-1,1
GTGAAGTCACGACTCG-1,1
GTGACTTCAGTAGTGC-1,4
GTGAGCGTGCTGCACT-1,2
GTGAGTCTAAGACGGA-1,1
GTGAGTGGTACAACGC-1,2
GTGATCATAGATCTGC-1,5
GTGATTCGCCGCTCAA-1,4
GTGCAACAAATGTGGC-1,3
GTGCCATCACACGGTG-1,2
GTGCCGCTTCAAAGGT-1,4
GTGCCTAGCTATGCTT-1,2
GTGCGAAATCGAACAC-1,4
GTGCGGGTCTCCAAAT-1,3
GTGCTCAAGTACTGTC-1,3
GTGCTGCAGATAAGGA-1,1
GTGGACCAACCCGATT-1,1
GTGGACGTGCTGAGAC-1,3
GTGGAGCGTTTACCGA-1,1
GTGGAGTCGGCGGTTG-1,2
GTGGCAAACAGCGGCA-1,1
GTGGCCTAATATCATT-1,1
GTGGCGGTCCCAGCGT-1,1
GTGGGAAGACTGAATC-1,1
GTGGGCTTAGACACAC-1,2
GTGGGTACTGAGCGTA-1,1
GTGGGTCTTCTTTGCG-1,3
GTGGTATAGTCTGCCG-1,2
GTGGTTTCCGCCTTTC-1,2
GTGTGTCGACGTCGCT-1,4
GTTAATGTCTATCTTA-1,1
GTTACAATTGGTGACG-1,2
GTTACCTACAACTTGC-1,3
GTTACTTTGGGCCTAG-1,2
GTTAGGCTACCCGTTT-1,1
GTTATATTATCTCCCT-1,4
GTTATTAACGTGGGAG-1,1
GTTCAAATCAGATGTC-1,1
GTTCACAGGAGTCTAG-1,2
GTTCCAGTCTGACCAT-1,3
GTTCGCCATAAGTGCC-1,2
GTTCGGTGTGGATTTA-1,2
GTTCTTCCCTCGATGT-1,3
GTTGAACCGGTTCCAT-1,2
GTTGCACGGAGTTTCG-1,3
GTTGGATTTGCGTTGG-1,3
GTTGTCGTGTTAGTTG-1,3
GTTTACGTTCCATCTG-1,3
GTTTATGGGATTTAGA-1,1
GTTTCATATCGTCGCT-1,1
GTTTCCTGGAGGGTGA-1,3
GTTTGACCAAATCCTA-1,3
GTTTGGCCGCTCAGCG-1,3
GTTTGGTAGGGTCAAC-1,2
GTTTGTTAGCCAAGTA-1,1
TAAACCCAGGAGGGCA-1,4
TAAACGTCGTCAATGA-1,1
TAAATGAATCCGTTTC-1,5
TAACAAAGGGAGAAGC-1,2
TAACAATATTTGTTGC-1,1
TAACATACAATGTGGG-1,3
TAACATACACGCGATC-1,1
TAACGCTTTGAGAGCG-1,2
TAACTATCGAAGGTCC-1,2
TAACTCATCCGCGCGG-1,4
TAACTCCATGGAGGCT-1,5
TAAGAGGGACAGGGAC-1,1
TAAGCAGGCGACACGC-1,1
TAAGGAACTTGTGGGA-1,3
TAAGGGCTGGGAGAGG-1,1
TAAGTAACATCTTGAC-1,2
TAAGTCGCCGAGTATC-1,1
TAATACACAGTAGTAT-1,3
TAATAGAACAGAGTTA-1,2
TAATAGGTCACCAGAA-1,1
TAATATTGAAATTCGC-1,3
TAATGAAAGACCCTTG-1,1
TAATTAGATGGATATG-1,3
TAATTTCCGTCCAGTA-1,1
TACAACGCACAACTCA-1,5
TACAAGTCTCGTGCAT-1,5
TACATAGGCATACACC-1,3
TACATCCCTATCCCTG-1,1
TACATCTTGTTTCTTG-1,4
TACATGACCTTATCCG-1,1
TACATTTCTAACGTGC-1,2
TACCAGAAGTAGGTTC-1,4
TACCGGCTCACTGCCC-1,3
TACCGGTCGTTTCCAT-1,2
TACCGTAGGTTAACTA-1,2
TACCTATCCCTAGAGG-1,1
TACCTCACGCTTGTAC-1,3
TACCTGCTGCACTGTG-1,4
TACCTTAAGATTTCCC-1,1
TACGAACACGACTTCA-1,3
TACGACGCTTGCTGCG-1,4
TACGACTGCCTCTTAG-1,3
TACGAGAACTTCACGT-1,2
TACGATGTTGATCATC-1,2
TACGCAGTTCTTTCCT-1,2
TACGCCATATTCTAAT-1,2
TACGCCGAGGGTACCC-1,1
TACGTGCACTATGCTG-1,2
TACGTTTACCGGCAAT-1,2
TACTATGGTTCCTCAG-1,2
TACTCACAACGTAGTA-1,2
TACTCGGCACGCCGGG-1,1
TACTGAACAGATTTAG-1,2
TACTGAGGGAAGAAAG-1,1
TACTGGACAGCTCGGC-1,2
TACTTTCCGCACGCCA-1,1
TAGAAACACAATAGTG-1,4
TAGAAATTCACGTATA-1,1
TAGAACGCCAGTAACG-1,2
TAGAGATCATGCAACT-1,1
TAGAGTCTAAGCGAAC-1,3
TAGATATGGACTGGAA-1,4
TAGATTCCTGGTTATT-1,1
TAGCAACCTGTCACAA-1,2
TAGCCAGAGGGTCCGG-1,2
TAGCGTCGAATATTGA-1,1
TAGCGTTGGGTCTTAC-1,3
TAGCTAGAAGGCATGA-1,4
TAGCTCGCCTGATAAC-1,5
TAGCTGATGTGAAGCG-1,1
TAGGCGATGAGGTCTC-1,1
TAGGCGGCTGCAAAGA-1,1
TAGGGTGTTTCAAGAG-1,3
TAGGTCCAAGTAAGGA-1,2
TAGGTGAGCCCTACTC-1,2
TAGGTTCGAGTTCGTC-1,3
TAGTACCACAACTTTC-1,1
TAGTACCTTAGTGGTC-1,2
TAGTCCGCAGAGAATG-1,2
TAGTCCGTATGCATAA-1,2
TAGTCGGGATTCTTCG-1,4
TAGTCTAACAACGAGA-1,2
TAGTGCCCTCCAGAGT-1,3
TAGTGCTTGAATCCTT-1,5
TAGTGTCAGAAACGGC-1,2
TATAAATCCACAAGCT-1,3
TATAAGTGAGGATAGC-1,3
TATACACAGACGCCTT-1,2
TATACACGCAAAGTAT-1,3
TATACTCATGCGGCAA-1,4
TATAGCGCACGTTATC-1,1
TATAGGGTACTCATGA-1,1
TATATATCGAGAAATG-1,1
TATATCATTGATCAGT-1,1
TATATGCTGGGTTGCC-1,1
TATCAAAGGTCTGTAA-1,1
TATCAGTGGCGTAGTC-1,1
TATCCATATCATGCGA-1,3
TATCCATCTCGGTTAG-1,1
TATCCGCACCGTCGGG-1,3
TATCGATGATTAAACG-1,3
TATCTACAGAGGTAAT-1,2
TATCTACCACAGCGGG-1,3
TATCTAGCCTAAAGGA-1,1
TATCTGAGCCGATATT-1,1
TATCTTGCAATACAAC-1,1
TATGAAGACAGGTGCG-1,1
TATGACCTTGCGCTGG-1,1
TATGGATGTGCTACGC-1,1
TATGGCCCGGCCTCGC-1,2
TATGGGACCGAGCAGG-1,3
TATGGGTACGTATCGT-1,3
TATGGTCTGAGTAACA-1,3
TATGTAGAAACCCGGC-1,1
TATTAACACCAAAGCA-1,1
TATTATGTTTGCCTGC-1,1
TATTCCACTCAGCTCG-1,2
TATTCCTCCGCCCACT-1,1
TATTCGTGCCAGAATA-1,3
TATTTAGTCTAGATCG-1,3
TATTTGTTACCCTTTA-1,3
TCAAAGAGCTATCTGT-1,1
TCAACAAAGATAATTC-1,1
TCAACACATTGGGTAA-1,3
TCAACATCGACCGAGA-1,1
TCAACCATGTTCGGGC-1,2
TCAACGAGGAGACAAA-1,2
TCAACGCAGGAAATAA-1,1
TCAACGCGACCGGCAG-1,1
TCAACTAACGTATAAC-1,1
TCAATACAATTGCTGC-1,1
TCACAGATCCTCAAAC-1,5
TCACAGCAAACTCGAA-1,4
TCACAGGAGAATAAGA-1,2
TCACAGGTTATTGGGC-1,3
TCACATCTTATCTGAT-1,1
TCACCCTCTTAAGATT-1,2
TCACGATGTCCGTGGA-1,1
TCACGCATTGTAGATC-1,3
TCACGGTCATCGCACA-1,3
TCACGTGCCCGATTCA-1,3
TCACTCTTCGTCTGTC-1,1
TCAGGGCGACTTCCTT-1,1
TCAGGGCGCAAACTCG-1,1
TCAGGTTCTTTGAGAA-1,3
TCAGTACTGACCCGCG-1,2
TCAGTAGGGACTATAA-1,4
TCATACTTACAGATCC-1,2
TCATCACTCGAGCTCG-1,2
TCATCGATGGTCCCAA-1,1
TCCAACTTTAAATTCT-1,2
TCCACAATGGTTTACG-1,2
TCCAGAGCACCGGTTC-1,3
TCCAGGCGAGTACGGT-1,3
TCCATCAATACTAATC-1,1
TCCCAGCTTTAGTCTG-1,3
TCCCAGGCTTAGCTAA-1,3
TCCCGGGTGTGCTGCT-1,2
TCCCTGGCGTATTAAC-1,1
TCCCTGGCTCGCTGGA-1,2
TCCGAACTTGGCTTAC-1,1
TCCGATAATTGCCATA-1,3
TCCGATGGTGCGACAT-1,1
TCCGATTACATTGCCG-1,2
TCCGCAGCCACCTAGC-1,4
TCCGCTTATCCCATTA-1,3
TCCGGTTCGTCCGGTC-1,7
TCCGTAACCACAATCC-1,1
TCCTAGCAAAGAAGCT-1,2
TCCTCCTAAGACATTC-1,1
TCCTCTACGAGATGGC-1,2
TCCTCTCCAGTTGTCC-1,1
TCCTGCGTTGATACTC-1,2
TCCTTCAATCCCTACG-1,1
TCGAAATTTAGGACCA-1,3
TCGAATATCCCGCAGG-1,1
TCGACAACTGAACCCG-1,1
TCGAGACCAACACCGT-1,3
TCGAGCCAGGCAGGCC-1,2
TCGAGTCTACGATTCG-1,1
TCGCACTAACGTTTGT-1,4
TCGCATCCCTAAGTGT-1,3
TCGCCCACTGCGAGAG-1,1
TCGCCGAAGTTGCGTC-1,2
TCGCCGCACCGCGTGA-1,1
TCGCCGGAGAGTCTTA-1,2
TCGCCGGATGGGCAAG-1,1
TCGCCGGTCGATCCGT-1,3
TCGCCTCGACCTGTTG-1,2
TCGCGTCCAGAAGGTC-1,2
TCGCTGTGCGTAAATC-1,3
TCGGAATGCGCTCTGA-1,2
TCGGAGAGTATCGGGA-1,1
TCGGCGTACTGCACAA-1,1
TCGGGATTCAAACATA-1,1
TCGGTCCCGACAATAG-1,1
TCGTATTACCCATTGC-1,1
TCGTCAAGTACGCGCA-1,2
TCGTCACACTGTTAGC-1,1
TCGTCCGCTGGCGTCT-1,3
TCGTGTCACGCTGACA-1,1
TCGTTAGGAGTCCCTA-1,2
TCGTTGACAGGGTCCC-1,1
TCGTTGCTATCCGGTC-1,2
TCGTTGGCTCGTCAAT-1,3
TCTAAAGAACAGTCTC-1,1
TCTAACTGTATGTAAA-1,1
TCTAATACTGCCTCAG-1,1
TCTAGCAATCTCCGCC-1,1
TCTAGCATCTTCGATG-1,3
TCTAGTTATCAGAAGA-1,3
TCTATCATGCAGTTAC-1,3
TCTATCGGTCGCAACA-1,3
TCTATTACGCTGGCGA-1,3
TCTATTACTAGAGGAT-1,1
TCTCGGCTCCAGGACT-1,2
TCTCGTGTTACGAGGA-1,1
TCTCTAATAGCTGGTA-1,3
TCTGAACCGGTCGGCT-1,3
TCTGACTGTAATGGTT-1,2
TCTGCAGATTCGAGTC-1,1
TCTGCGTCCGGTTTCT-1,5
TCTGGCGCAAGCCGGG-1,1
TCTGGGTAGCGCTCAT-1,2
TCTGTTACCCAGCATA-1,4
TCTTAACTCGGATGTA-1,4
TCTTACAGAGGTACCG-1,3
TCTTACGGCATCCGAC-1,2
TCTTGGTAACACCAAA-1,6
TCTTTCGGCGGGACAC-1,1
TGAACACCCGAAGCAG-1,1
TGAACTGCTATGACTT-1,1
TGAAGAGCGGTCCTAG-1,1
TGAAGTAGCTTACGGA-1,4
TGAATTTCACTTGCCT-1,1
TGACAGGACAAGTCCA-1,1
TGACATATATGACGAT-1,1
TGACCCACGTTAGACA-1,2
TGACGAATATTTCCCT-1,1
TGACTATAATCCTTTC-1,3
TGACTCCGAATCATAC-1,1
TGAGAATGCTTTACCG-1,3
TGAGACGTACCTCTCA-1,1
TGAGCCATACAGTCTC-1,2
TGAGGAGTGCCAGCTT-1,3
TGAGGCATGTACTGTG-1,1
TGAGTAAATTAGCGTA-1,2
TGAGTGCCTCTTAAAT-1,2
TGATACATTTAGCCGT-1,2
TGATAGCGGGATTCTA-1,1
TGATCAGGGAACTGCT-1,1
TGATCGGTTTGACCCT-1,3
TGATCTATCACACTCT-1,3
TGATCTCCGGCGCCAG-1,3
TGATGGGACTAAGTCA-1,2
TGATTCAGGTCCCGCG-1,1
TGATTCGTCTATCACT-1,2
TGATTCTGTCGCCGGT-1,4
TGATTTATTAGCTGTG-1,2
TGATTTCCTCCTGACG-1,3
TGCAAGAATGACGTAA-1,3
TGCACTATGTGAGTGC-1,4
TGCAGAACTATATCGT-1,1
TGCAGAGTACCGAGCA-1,2
TGCAGATCGTCCTAGG-1,1
TGCAGCTACGTACTTC-1,1
TGCATGGATCGGATCT-1,3
TGCCAAAGTCAGACTT-1,1
TGCCAATGGGTACTCT-1,2
TGCCACACTAGAGGAA-1,1
TGCCGTTCTTAATCGG-1,1
TGCCTGACATCGGTCA-1,2
TGCGAATATGGGATTT-1,1
TGCGACACCCTAGTGC-1,4
TGCGAGAAACGTTACG-1,2
TGCGAGAATATTACCC-1,2
TGCGATGCTAATGGCT-1,1
TGCGCGATTAACGGAG-1,2
TGCGTAAGAACCTGAT-1,2
TGCGTCATGACTGAGC-1,1
TGCGTGATTGGGTGTC-1,5
TGCTGGTTGGACAATT-1,3
TGCTGTTGAAGAACTC-1,3
TGCTTGAAACCATGCA-1,5
TGGAAACGGAGTGAAC-1,2
TGGAAGAAGGGAACGT-1,2
TGGAAGACGAACACCA-1,3
TGGAAGGATAAAGATG-1,3
TGGAATTAGACGCTTT-1,1
TGGACACCGTTGCTTG-1,1
TGGACCACGGCGTTGA-1,2
TGGACGCAATCCAGCC-1,1
TGGACGTAGGCGAATC-1,5
TGGAGTGATGCGATGA-1,3
TGGATAGAGTAACAGA-1,5
TGGCAGATTACGATCA-1,2
TGGCAGCAGTAATAGT-1,3
TGGCATGAAGTTTGGG-1,1
TGGCCAATTTGGTACT-1,1
TGGCCGTATATTGACC-1,2
TGGCGACTGCTCCAAA-1,2
TGGCGATCAAGTTATG-1,4
TGGCTCTTGTCGCGTA-1,1
TGGCTTATGTATAATG-1,1
TGGCTTTGGGTAGACA-1,3
TGGGAAATGCCTTTCC-1,2
TGGGACCATTGGGAGT-1,5
TGGGCCTTGCCTGCAT-1,5
TGGGTTCCCGGACGGA-1,4
TGGTAAGCAGGATTGA-1,1
TGGTCGTGCAAGGCAA-1,1
TGGTCTAGCTTACATG-1,1
TGGTCTGTTGGGCGTA-1,2
TGGTGATCGTATTTGT-1,1
TGGTGTGACAGACGAT-1,3
TGGTTAACTTACATTT-1,1
TGGTTATGCTTGCGGT-1,1
TGGTTCGTAGCAAAGG-1,3
TGTAATGACCACAATA-1,1
TGTACGAACAAATCCG-1,3
TGTAGTGATCTATAAT-1,2
TGTCCGTGGCGCCTTT-1,1
TGTCCTAAGTCACCGC-1,2
TGTCGGCATGGTGGAA-1,5
TGTCGTTATCACATAT-1,1
TGTGCCAGAGGCAAAG-1,1
TGTGCTTTACGTAAGA-1,1
TGTGTCGAAGTCGAGG-1,1
TGTGTCGCGAGTTGCA-1,2
TGTGTGACCATGAATC-1,1
TGTGTTCGTATCCAAG-1,4
TGTTCATAAATGTGCT-1,1
TGTTCCGCTTCCATGA-1,2
TGTTCGTATTGCGGTG-1,3
TGTTCTTCCATTGACT-1,2
TGTTTCGGTACTTCTC-1,3
TGTTTCTGAAGCGTGC-1,1
TTAAACAGAGTCCCGC-1,3
TTAAACCTGGTTCCTT-1,1
TTAACACCTCGAACAT-1,2
TTAACCAACCCTCCCT-1,3
TTAACGTTAAAGCCTG-1,1
TTAACTCACGCGTGGA-1,1
TTAACTTCAGGTAGGA-1,1
TTAAGCGCCTGACCCA-1,3
TTAAGGCCCGTACTTT-1,1
TTAATGTGTTTGCAGG-1,2
TTAATTTCAGACGCGG-1,3
TTACAACTACGCATCC-1,2
TTACATCGTGGCCTGG-1,3
TTACCATTGATTACCC-1,2
TTACCCTAACAGTCCT-1,5
TTACCCTAGGGATTGG-1,3
TTACCGCCTTAGGGAA-1,2
TTACTATCGGCTTCTC-1,1
TTACTCTGGTACGTAC-1,4
TTACTGGGATATTTCA-1,2
TTAGAGGGATATACAG-1,1
TTAGATAGGTCGATAC-1,5
TTAGCAACATGGATGT-1,5
TTAGCTCTGTAATCCG-1,1
TTAGGTCATAACCGAC-1,2
TTAGTAGGGCGGCGGG-1,2
TTATCCAATCGAACTC-1,3
TTATCCTCAAGGAATA-1,1
TTATCGCCTGCGAAGC-1,1
TTATCTGACATTAGGA-1,1
TTATCTGTATCATAAC-1,3
TTATGAATGAAAGGGA-1,3
TTATGACAAACTGGAT-1,2
TTATGTTTGCGATAGA-1,4
TTATTAGGGAAGCATC-1,3
TTCAACGACCCGACCG-1,3
TTCACGAAAGGATCAC-1,2
TTCAGAGTAACCTGAC-1,2
TTCAGGCGTCAAAGCC-1,1
TTCAGTTTGTGGCAGC-1,1
TTCATAGCCTTGTAAC-1,5
TTCATAGGGTGTCCAT-1,4
TTCCAATCTGGCTATC-1,4
TTCCACACAGATTTGA-1,4
TTCCCGGCGCCAATAG-1,1
TTCCGCGTGAGGCGAT-1,3
TTCCGGCCTTGAGGCT-1,2
TTCCTCGAGGGTGTCT-1,3
TTCCTCTGCCCGAATA-1,1
TTCCTTTCTGTGTTGC-1,2
TTCGACGGGAAGGGCG-1,3
TTCGCACTCGCGTGCT-1,3
TTCGCATCCGGAAGCA-1,5
TTCGCCGCTCGCGCTA-1,1
TTCGGCTAGAGATGGT-1,2
TTCGGGCGCTAGTCTT-1,1
TTCGTACTCCAGAACG-1,2
TTCTACTTGCGAGGGC-1,2
TTCTAGGCCAATTGTG-1,3
TTCTCTTACAGGTGAT-1,1
TTCTGCGAGCGCCCTT-1,1
TTCTGTTTCCTGTCGC-1,1
TTCTTAGTGAACGGTG-1,3
TTCTTAGTGGCTCAGA-1,3
TTCTTGAGCCGCGCTA-1,2
TTCTTGGACGATCTGC-1,1
TTCTTGTAACCTAATG-1,2
TTCTTGTGTCCATCAG-1,1
TTGAACGAATCCTTTG-1,2
TTGAAGAATTCCCAGG-1,3
TTGAAGGATGGGCGCC-1,1
TTGAATCGTTGTATAA-1,1
TTGACATGAACGTGGA-1,2
TTGACCGTGTTAATGA-1,1
TTGACTACCATATGGT-1,2
TTGAGAGTACTGCTAA-1,2
TTGATCTAACTTTGTC-1,3
TTGATTAGCTGTTTCT-1,4
TTGATTATGCAGATGA-1,2
TTGCACAATTCAGAAA-1,2
TTGCACGGAGCAGCAC-1,3
TTGCATGCTGATCACG-1,2
TTGCCATAGCCCGCTC-1,1
TTGCCCTGATCACGGG-1,2
TTGCCGCAGACCTACA-1,1
TTGCGCTCTCTCGCTT-1,1
TTGCGGCATCAGAAAG-1,4
TTGCGTAGTTTGAGGA-1,1
TTGCGTCGGCCAACCG-1,2
TTGCTGAAGGAACCAC-1,3
TTGCTGATCATGTTCG-1,3
TTGCTGCACCTATCCA-1,2
TTGGAAGAATACAGTC-1,1
TTGGACATGTGGCTTA-1,1
TTGGATATCGTCTACG-1,4
TTGGATTGGGTACCAC-1,3
TTGGCCATCTTGCGCT-1,5
TTGGCTCGCATGAGAC-1,2
TTGGTCACACTCGTAA-1,4
TTGGTTGCGGTGCGCG-1,1
TTGTAAGGACCTAAGT-1,4
TTGTAATCCGTACTCG-1,3
TTGTACACCTCGAACA-1,1
TTGTCACCGCGGTATC-1,1
TTGTCGTTCAGTTACC-1,3
TTGTGAGGCATGACGC-1,1
TTGTGGCCCTGACAGT-1,3
TTGTGGTAGGAGGGAT-1,1
TTGTGTTTCCCGAAAG-1,2
TTGTTAGCAAATTCGA-1,3
TTGTTCTAGATACGCT-1,1
TTGTTTCATTAGTCTA-1,1
TTGTTTCCATACAACT-1,1
